Account,date,daily_pnl,trades,fg_value,profit_bucket,next_day_bucket,Cluster
0x083384f897ee0f19899168e3b1bec365f52a9012,2024-11-11,0.0,177,76.0,Neutral,Neutral,0
0x083384f897ee0f19899168e3b1bec365f52a9012,2024-11-17,0.0,68,90.0,Neutral,Neutral,0
0x083384f897ee0f19899168e3b1bec365f52a9012,2024-11-18,0.0,40,83.0,Neutral,Loss,0
0x083384f897ee0f19899168e3b1bec365f52a9012,2024-11-22,-21227.0,12,94.0,Loss,Profit,0
0x083384f897ee0f19899168e3b1bec365f52a9012,2024-11-26,1603.1,27,79.0,Profit,Loss,0
0x083384f897ee0f19899168e3b1bec365f52a9012,2024-11-28,-132271.0,82,77.0,Loss,Neutral,0
0x083384f897ee0f19899168e3b1bec365f52a9012,2024-11-30,0.0,23,84.0,Neutral,Loss,0
0x083384f897ee0f19899168e3b1bec365f52a9012,2024-12-06,-175611.00005600002,33,72.0,Loss,Profit,0
0x083384f897ee0f19899168e3b1bec365f52a9012,2025-01-19,71393.964098,465,77.0,Profit,Profit,0
0x083384f897ee0f19899168e3b1bec365f52a9012,2025-01-20,40218.599998,51,76.0,Profit,Profit,0
0x083384f897ee0f19899168e3b1bec365f52a9012,2025-02-02,76710.0,10,60.0,Profit,Profit,0
0x083384f897ee0f19899168e3b1bec365f52a9012,2025-02-03,101011.685664,839,44.0,Profit,Profit,0
0x083384f897ee0f19899168e3b1bec365f52a9012,2025-02-04,375620.270243,531,72.0,Profit,Profit,0
0x083384f897ee0f19899168e3b1bec365f52a9012,2025-02-05,44400.9058,210,54.0,Profit,Profit,0
0x083384f897ee0f19899168e3b1bec365f52a9012,2025-02-09,30897.0887,141,46.0,Profit,Profit,0
0x083384f897ee0f19899168e3b1bec365f52a9012,2025-02-10,55086.0,48,43.0,Profit,Neutral,0
0x083384f897ee0f19899168e3b1bec365f52a9012,2025-02-11,0.0,6,47.0,Neutral,Profit,0
0x083384f897ee0f19899168e3b1bec365f52a9012,2025-02-24,10152.12224,59,49.0,Profit,Profit,0
0x083384f897ee0f19899168e3b1bec365f52a9012,2025-02-25,115445.395538,219,25.0,Profit,Profit,0
0x083384f897ee0f19899168e3b1bec365f52a9012,2025-02-28,115287.0,55,16.0,Profit,Profit,0
0x083384f897ee0f19899168e3b1bec365f52a9012,2025-03-01,9482.221441,45,20.0,Profit,Profit,0
0x083384f897ee0f19899168e3b1bec365f52a9012,2025-03-03,533974.662903,641,33.0,Profit,Profit,0
0x083384f897ee0f19899168e3b1bec365f52a9012,2025-03-24,40200.0,5,45.0,Profit,Profit,0
0x23e7a7f8d14b550961925fbfdaa92f5d195ba5bd,2024-11-30,11715.94323,55,84.0,Profit,Neutral,1
0x23e7a7f8d14b550961925fbfdaa92f5d195ba5bd,2024-12-01,0.0,1,81.0,Neutral,Neutral,1
0x23e7a7f8d14b550961925fbfdaa92f5d195ba5bd,2024-12-06,0.0,34,72.0,Neutral,Profit,1
0x23e7a7f8d14b550961925fbfdaa92f5d195ba5bd,2024-12-07,3515.031065,26,75.0,Profit,Neutral,1
0x23e7a7f8d14b550961925fbfdaa92f5d195ba5bd,2024-12-09,0.0,46,78.0,Neutral,Profit,1
0x23e7a7f8d14b550961925fbfdaa92f5d195ba5bd,2024-12-10,2517.787385,64,78.0,Profit,Profit,1
0x23e7a7f8d14b550961925fbfdaa92f5d195ba5bd,2024-12-18,1613.165903,59,81.0,Profit,Neutral,1
0x23e7a7f8d14b550961925fbfdaa92f5d195ba5bd,2024-12-19,0.0,1,75.0,Neutral,Profit,1
0x23e7a7f8d14b550961925fbfdaa92f5d195ba5bd,2024-12-20,1245.51851,34,74.0,Profit,Neutral,1
0x23e7a7f8d14b550961925fbfdaa92f5d195ba5bd,2025-01-13,0.0,13,61.0,Neutral,Profit,1
0x23e7a7f8d14b550961925fbfdaa92f5d195ba5bd,2025-01-17,4493.232479,17,75.0,Profit,Profit,1
0x23e7a7f8d14b550961925fbfdaa92f5d195ba5bd,2025-01-18,1047.030992,39,77.0,Profit,Profit,1
0x23e7a7f8d14b550961925fbfdaa92f5d195ba5bd,2025-01-19,4842.054317,124,77.0,Profit,Profit,1
0x23e7a7f8d14b550961925fbfdaa92f5d195ba5bd,2025-01-24,1693.493165,339,75.0,Profit,Profit,1
0x23e7a7f8d14b550961925fbfdaa92f5d195ba5bd,2025-01-25,4221.156399,54,75.0,Profit,Neutral,1
0x23e7a7f8d14b550961925fbfdaa92f5d195ba5bd,2025-01-27,0.0,44,71.0,Neutral,Profit,1
0x23e7a7f8d14b550961925fbfdaa92f5d195ba5bd,2025-01-28,6899.2458320000005,56,72.0,Profit,Neutral,1
0x23e7a7f8d14b550961925fbfdaa92f5d195ba5bd,2025-01-29,0.0,46,72.0,Neutral,Profit,1
0x23e7a7f8d14b550961925fbfdaa92f5d195ba5bd,2025-01-30,7372.485101,55,70.0,Profit,Profit,1
0x23e7a7f8d14b550961925fbfdaa92f5d195ba5bd,2025-02-01,1162.002541,78,68.0,Profit,Profit,1
0x23e7a7f8d14b550961925fbfdaa92f5d195ba5bd,2025-02-02,6352.452613,517,60.0,Profit,Loss,1
0x23e7a7f8d14b550961925fbfdaa92f5d195ba5bd,2025-02-11,-12346.990829,124,47.0,Loss,Profit,1
0x23e7a7f8d14b550961925fbfdaa92f5d195ba5bd,2025-02-12,355.5854,159,46.0,Profit,Profit,1
0x23e7a7f8d14b550961925fbfdaa92f5d195ba5bd,2025-02-24,1129.8489260000001,160,49.0,Profit,Loss,1
0x23e7a7f8d14b550961925fbfdaa92f5d195ba5bd,2025-02-25,-6820.76955,1,25.0,Loss,Neutral,1
0x23e7a7f8d14b550961925fbfdaa92f5d195ba5bd,2025-02-28,0.0,52,16.0,Neutral,Profit,1
0x23e7a7f8d14b550961925fbfdaa92f5d195ba5bd,2025-03-03,2480.902379,110,33.0,Profit,Loss,1
0x23e7a7f8d14b550961925fbfdaa92f5d195ba5bd,2025-03-04,-3169.3554679999997,65,15.0,Loss,Neutral,1
0x23e7a7f8d14b550961925fbfdaa92f5d195ba5bd,2025-03-07,0.0,37,34.0,Neutral,Profit,1
0x23e7a7f8d14b550961925fbfdaa92f5d195ba5bd,2025-03-08,2099.019688,47,28.0,Profit,Profit,1
0x23e7a7f8d14b550961925fbfdaa92f5d195ba5bd,2025-03-09,656.540742,65,27.0,Profit,Loss,1
0x23e7a7f8d14b550961925fbfdaa92f5d195ba5bd,2025-03-10,-1065.797583,53,20.0,Loss,Profit,1
0x23e7a7f8d14b550961925fbfdaa92f5d195ba5bd,2025-03-12,1591.753271,53,34.0,Profit,Loss,1
0x23e7a7f8d14b550961925fbfdaa92f5d195ba5bd,2025-03-13,-2315.377191,27,45.0,Loss,Neutral,1
0x23e7a7f8d14b550961925fbfdaa92f5d195ba5bd,2025-03-28,0.0,42,44.0,Neutral,Loss,1
0x23e7a7f8d14b550961925fbfdaa92f5d195ba5bd,2025-03-29,-5018.466447,97,26.0,Loss,Profit,1
0x23e7a7f8d14b550961925fbfdaa92f5d195ba5bd,2025-03-31,716.143949,155,34.0,Profit,Neutral,1
0x23e7a7f8d14b550961925fbfdaa92f5d195ba5bd,2025-04-03,0.0,1,25.0,Neutral,Neutral,1
0x23e7a7f8d14b550961925fbfdaa92f5d195ba5bd,2025-04-15,0.0,1,38.0,Neutral,Loss,1
0x23e7a7f8d14b550961925fbfdaa92f5d195ba5bd,2025-04-16,-95.985744,88,29.0,Loss,Loss,1
0x23e7a7f8d14b550961925fbfdaa92f5d195ba5bd,2025-04-17,-133.41237,125,30.0,Loss,Profit,1
0x23e7a7f8d14b550961925fbfdaa92f5d195ba5bd,2025-04-18,951.934443,689,33.0,Profit,Profit,1
0x23e7a7f8d14b550961925fbfdaa92f5d195ba5bd,2025-04-19,371.503,411,32.0,Profit,Loss,1
0x23e7a7f8d14b550961925fbfdaa92f5d195ba5bd,2025-04-20,-1892.58947,603,37.0,Loss,Profit,1
0x23e7a7f8d14b550961925fbfdaa92f5d195ba5bd,2025-04-21,3434.689308,97,39.0,Profit,Profit,1
0x23e7a7f8d14b550961925fbfdaa92f5d195ba5bd,2025-04-23,2654.14315,568,72.0,Profit,Profit,1
0x23e7a7f8d14b550961925fbfdaa92f5d195ba5bd,2025-04-24,1867.252909,680,63.0,Profit,Profit,1
0x23e7a7f8d14b550961925fbfdaa92f5d195ba5bd,2025-04-25,1969.39321,330,60.0,Profit,Loss,1
0x23e7a7f8d14b550961925fbfdaa92f5d195ba5bd,2025-04-26,-4648.8710550000005,338,65.0,Loss,Neutral,1
0x23e7a7f8d14b550961925fbfdaa92f5d195ba5bd,2025-04-27,0.0,67,61.0,Neutral,Profit,1
0x23e7a7f8d14b550961925fbfdaa92f5d195ba5bd,2025-04-30,5179.772745,83,56.0,Profit,Profit,1
0x271b280974205ca63b716753467d5a371de622ab,2024-07-15,-1.0,5,52.0,Neutral,Profit,1
0x271b280974205ca63b716753467d5a371de622ab,2024-11-29,1584.342755,1,78.0,Profit,Profit,1
0x271b280974205ca63b716753467d5a371de622ab,2024-12-05,208.81746,4,84.0,Profit,Profit,1
0x271b280974205ca63b716753467d5a371de622ab,2025-04-09,16706.884912,797,18.0,Profit,Profit,1
0x271b280974205ca63b716753467d5a371de622ab,2025-04-10,13264.043303999999,339,39.0,Profit,Profit,1
0x271b280974205ca63b716753467d5a371de622ab,2025-04-19,5942.547242,313,32.0,Profit,Profit,1
0x271b280974205ca63b716753467d5a371de622ab,2025-04-20,8277.307357,863,37.0,Profit,Profit,1
0x271b280974205ca63b716753467d5a371de622ab,2025-04-21,2638.012587,353,39.0,Profit,Loss,1
0x271b280974205ca63b716753467d5a371de622ab,2025-04-22,-19037.340561,594,47.0,Loss,Loss,1
0x271b280974205ca63b716753467d5a371de622ab,2025-04-23,-108176.9187,469,72.0,Loss,Profit,1
0x271b280974205ca63b716753467d5a371de622ab,2025-04-24,8157.112326,70,63.0,Profit,Neutral,1
0x28736f43f1e871e6aa8b1148d38d4994275d72c4,2024-11-16,159.100072,93,86.0,Profit,Profit,2
0x28736f43f1e871e6aa8b1148d38d4994275d72c4,2024-11-17,161.289904,95,90.0,Profit,Profit,2
0x28736f43f1e871e6aa8b1148d38d4994275d72c4,2024-11-18,147.410285,162,83.0,Profit,Profit,2
0x28736f43f1e871e6aa8b1148d38d4994275d72c4,2024-11-19,233.36546,213,90.0,Profit,Loss,2
0x28736f43f1e871e6aa8b1148d38d4994275d72c4,2024-11-20,-316.245208,407,83.0,Loss,Profit,2
0x28736f43f1e871e6aa8b1148d38d4994275d72c4,2024-11-21,780.001314,446,82.0,Profit,Profit,2
0x28736f43f1e871e6aa8b1148d38d4994275d72c4,2024-11-22,141.21958999999998,433,94.0,Profit,Profit,2
0x28736f43f1e871e6aa8b1148d38d4994275d72c4,2024-11-23,673.6312,156,93.0,Profit,Profit,2
0x28736f43f1e871e6aa8b1148d38d4994275d72c4,2024-11-24,108.321127,69,80.0,Profit,Profit,2
0x28736f43f1e871e6aa8b1148d38d4994275d72c4,2024-11-25,464.281002,225,82.0,Profit,Loss,2
0x28736f43f1e871e6aa8b1148d38d4994275d72c4,2024-11-26,-508.290641,217,79.0,Loss,Profit,2
0x28736f43f1e871e6aa8b1148d38d4994275d72c4,2024-11-27,193.66415899999998,169,75.0,Profit,Profit,2
0x28736f43f1e871e6aa8b1148d38d4994275d72c4,2024-11-28,165.532644,207,77.0,Profit,Profit,2
0x28736f43f1e871e6aa8b1148d38d4994275d72c4,2024-11-29,9551.73423,206,78.0,Profit,Profit,2
0x28736f43f1e871e6aa8b1148d38d4994275d72c4,2024-11-30,5590.528248,154,84.0,Profit,Profit,2
0x28736f43f1e871e6aa8b1148d38d4994275d72c4,2024-12-01,4458.25495,193,81.0,Profit,Profit,2
0x28736f43f1e871e6aa8b1148d38d4994275d72c4,2024-12-02,1283.846047,140,80.0,Profit,Profit,2
0x28736f43f1e871e6aa8b1148d38d4994275d72c4,2024-12-03,1190.358719,78,76.0,Profit,Profit,2
0x28736f43f1e871e6aa8b1148d38d4994275d72c4,2024-12-04,9066.169646,112,78.0,Profit,Profit,2
0x28736f43f1e871e6aa8b1148d38d4994275d72c4,2024-12-05,14685.787664,98,84.0,Profit,Profit,2
0x28736f43f1e871e6aa8b1148d38d4994275d72c4,2024-12-06,389.176232,69,72.0,Profit,Profit,2
0x28736f43f1e871e6aa8b1148d38d4994275d72c4,2024-12-07,4008.012049,86,75.0,Profit,Profit,2
0x28736f43f1e871e6aa8b1148d38d4994275d72c4,2024-12-08,554.009942,102,79.0,Profit,Profit,2
0x28736f43f1e871e6aa8b1148d38d4994275d72c4,2024-12-09,768.430838,213,78.0,Profit,Profit,2
0x28736f43f1e871e6aa8b1148d38d4994275d72c4,2024-12-10,980.557461,157,78.0,Profit,Profit,2
0x28736f43f1e871e6aa8b1148d38d4994275d72c4,2024-12-11,1582.001112,93,74.0,Profit,Profit,2
0x28736f43f1e871e6aa8b1148d38d4994275d72c4,2024-12-12,5806.86932,147,83.0,Profit,Profit,2
0x28736f43f1e871e6aa8b1148d38d4994275d72c4,2024-12-13,1522.284412,155,76.0,Profit,Profit,2
0x28736f43f1e871e6aa8b1148d38d4994275d72c4,2024-12-14,13281.73126,154,83.0,Profit,Profit,2
0x28736f43f1e871e6aa8b1148d38d4994275d72c4,2024-12-15,5389.96219,137,80.0,Profit,Profit,2
0x28736f43f1e871e6aa8b1148d38d4994275d72c4,2024-12-16,13190.248859,230,83.0,Profit,Profit,2
0x28736f43f1e871e6aa8b1148d38d4994275d72c4,2024-12-17,4454.939378,181,87.0,Profit,Profit,2
0x28736f43f1e871e6aa8b1148d38d4994275d72c4,2024-12-18,3624.489655,191,81.0,Profit,Profit,2
0x28736f43f1e871e6aa8b1148d38d4994275d72c4,2024-12-19,1525.329937,204,75.0,Profit,Profit,2
0x28736f43f1e871e6aa8b1148d38d4994275d72c4,2024-12-20,7812.716373,194,74.0,Profit,Profit,2
0x28736f43f1e871e6aa8b1148d38d4994275d72c4,2024-12-21,7465.899936,107,73.0,Profit,Profit,2
0x28736f43f1e871e6aa8b1148d38d4994275d72c4,2024-12-22,1174.025529,79,73.0,Profit,Profit,2
0x28736f43f1e871e6aa8b1148d38d4994275d72c4,2024-12-23,122.889996,95,70.0,Profit,Profit,2
0x28736f43f1e871e6aa8b1148d38d4994275d72c4,2024-12-24,1555.956456,48,73.0,Profit,Profit,2
0x28736f43f1e871e6aa8b1148d38d4994275d72c4,2024-12-25,1530.919365,66,73.0,Profit,Profit,2
0x28736f43f1e871e6aa8b1148d38d4994275d72c4,2024-12-26,101.860928,84,79.0,Profit,Profit,2
0x28736f43f1e871e6aa8b1148d38d4994275d72c4,2024-12-27,388.366016,73,74.0,Profit,Profit,2
0x28736f43f1e871e6aa8b1148d38d4994275d72c4,2024-12-28,506.512551,63,72.0,Profit,Profit,2
0x28736f43f1e871e6aa8b1148d38d4994275d72c4,2024-12-29,115.51218300000001,34,73.0,Profit,Profit,2
0x28736f43f1e871e6aa8b1148d38d4994275d72c4,2024-12-30,255.808312,125,65.0,Profit,Profit,2
0x28736f43f1e871e6aa8b1148d38d4994275d72c4,2024-12-31,496.221792,107,64.0,Profit,Profit,2
0x28736f43f1e871e6aa8b1148d38d4994275d72c4,2025-01-01,109.82694000000001,59,66.0,Profit,Profit,2
0x28736f43f1e871e6aa8b1148d38d4994275d72c4,2025-01-02,416.546688,101,70.0,Profit,Profit,2
0x28736f43f1e871e6aa8b1148d38d4994275d72c4,2025-01-03,250.581483,69,74.0,Profit,Profit,2
0x28736f43f1e871e6aa8b1148d38d4994275d72c4,2025-01-04,232.66549799999999,81,73.0,Profit,Profit,2
0x28736f43f1e871e6aa8b1148d38d4994275d72c4,2025-01-05,87.752181,82,72.0,Profit,Profit,2
0x28736f43f1e871e6aa8b1148d38d4994275d72c4,2025-01-06,114.68421000000001,80,76.0,Profit,Profit,2
0x28736f43f1e871e6aa8b1148d38d4994275d72c4,2025-01-07,267.846227,103,78.0,Profit,Profit,2
0x28736f43f1e871e6aa8b1148d38d4994275d72c4,2025-01-08,651.469355,149,70.0,Profit,Profit,2
0x28736f43f1e871e6aa8b1148d38d4994275d72c4,2025-01-09,571.688942,103,69.0,Profit,Profit,2
0x28736f43f1e871e6aa8b1148d38d4994275d72c4,2025-01-10,401.706348,84,50.0,Profit,Profit,2
0x28736f43f1e871e6aa8b1148d38d4994275d72c4,2025-01-11,157.228232,37,69.0,Profit,Profit,2
0x28736f43f1e871e6aa8b1148d38d4994275d72c4,2025-01-12,274.773033,63,62.0,Profit,Profit,2
0x28736f43f1e871e6aa8b1148d38d4994275d72c4,2025-01-13,53.846609,61,61.0,Profit,Profit,2
0x28736f43f1e871e6aa8b1148d38d4994275d72c4,2025-01-14,894.564828,42,63.0,Profit,Profit,2
0x28736f43f1e871e6aa8b1148d38d4994275d72c4,2025-01-15,55.137803,19,70.0,Profit,Profit,2
0x28736f43f1e871e6aa8b1148d38d4994275d72c4,2025-01-16,238.995461,87,75.0,Profit,Profit,2
0x28736f43f1e871e6aa8b1148d38d4994275d72c4,2025-01-17,168.92152,70,75.0,Profit,Profit,2
0x28736f43f1e871e6aa8b1148d38d4994275d72c4,2025-01-18,594.135892,259,77.0,Profit,Profit,2
0x28736f43f1e871e6aa8b1148d38d4994275d72c4,2025-01-19,102.504343,184,77.0,Profit,Profit,2
0x28736f43f1e871e6aa8b1148d38d4994275d72c4,2025-01-20,608.885905,169,76.0,Profit,Profit,2
0x28736f43f1e871e6aa8b1148d38d4994275d72c4,2025-01-21,428.3738,94,76.0,Profit,Profit,2
0x28736f43f1e871e6aa8b1148d38d4994275d72c4,2025-01-22,589.467131,112,84.0,Profit,Profit,2
0x28736f43f1e871e6aa8b1148d38d4994275d72c4,2025-01-23,229.609892,122,75.0,Profit,Profit,2
0x28736f43f1e871e6aa8b1148d38d4994275d72c4,2025-01-24,347.22838,120,75.0,Profit,Profit,2
0x28736f43f1e871e6aa8b1148d38d4994275d72c4,2025-01-25,124.70498799999999,118,75.0,Profit,Profit,2
0x28736f43f1e871e6aa8b1148d38d4994275d72c4,2025-01-26,273.211119,106,73.0,Profit,Profit,2
0x28736f43f1e871e6aa8b1148d38d4994275d72c4,2025-01-27,838.930696,268,71.0,Profit,Profit,2
0x28736f43f1e871e6aa8b1148d38d4994275d72c4,2025-01-28,1019.55769,151,72.0,Profit,Profit,2
0x28736f43f1e871e6aa8b1148d38d4994275d72c4,2025-01-29,152.618804,42,72.0,Profit,Profit,2
0x28736f43f1e871e6aa8b1148d38d4994275d72c4,2025-01-30,1234.2072,86,70.0,Profit,Profit,2
0x28736f43f1e871e6aa8b1148d38d4994275d72c4,2025-01-31,755.916254,49,76.0,Profit,Neutral,2
0x28736f43f1e871e6aa8b1148d38d4994275d72c4,2025-02-01,3.536668000000001,51,68.0,Neutral,Loss,2
0x28736f43f1e871e6aa8b1148d38d4994275d72c4,2025-02-02,-1416.906536,91,60.0,Loss,Profit,2
0x28736f43f1e871e6aa8b1148d38d4994275d72c4,2025-02-03,439.634046,75,44.0,Profit,Profit,2
0x28736f43f1e871e6aa8b1148d38d4994275d72c4,2025-02-04,1291.500575,48,72.0,Profit,Profit,2
0x28736f43f1e871e6aa8b1148d38d4994275d72c4,2025-02-05,696.8107239999999,83,54.0,Profit,Profit,2
0x28736f43f1e871e6aa8b1148d38d4994275d72c4,2025-02-06,358.877096,45,49.0,Profit,Profit,2
0x28736f43f1e871e6aa8b1148d38d4994275d72c4,2025-02-07,932.4458159999999,54,44.0,Profit,Neutral,2
0x28736f43f1e871e6aa8b1148d38d4994275d72c4,2025-02-08,0.0,32,44.0,Neutral,Profit,2
0x28736f43f1e871e6aa8b1148d38d4994275d72c4,2025-02-09,31.14195,17,46.0,Profit,Profit,2
0x28736f43f1e871e6aa8b1148d38d4994275d72c4,2025-02-10,436.833818,43,43.0,Profit,Profit,2
0x28736f43f1e871e6aa8b1148d38d4994275d72c4,2025-02-11,593.326371,41,47.0,Profit,Profit,2
0x28736f43f1e871e6aa8b1148d38d4994275d72c4,2025-02-12,198.780392,59,46.0,Profit,Profit,2
0x28736f43f1e871e6aa8b1148d38d4994275d72c4,2025-02-13,287.27875,42,50.0,Profit,Profit,2
0x28736f43f1e871e6aa8b1148d38d4994275d72c4,2025-02-14,404.813032,47,48.0,Profit,Profit,2
0x28736f43f1e871e6aa8b1148d38d4994275d72c4,2025-02-15,64.653448,9,50.0,Profit,Profit,2
0x28736f43f1e871e6aa8b1148d38d4994275d72c4,2025-02-16,59.664989,11,54.0,Profit,Profit,2
0x28736f43f1e871e6aa8b1148d38d4994275d72c4,2025-02-17,115.824682,28,51.0,Profit,Profit,2
0x28736f43f1e871e6aa8b1148d38d4994275d72c4,2025-02-18,45.659497,36,47.0,Profit,Profit,2
0x28736f43f1e871e6aa8b1148d38d4994275d72c4,2025-02-19,20.62415,22,44.0,Profit,Profit,2
0x28736f43f1e871e6aa8b1148d38d4994275d72c4,2025-02-20,278.142839,53,49.0,Profit,Profit,2
0x28736f43f1e871e6aa8b1148d38d4994275d72c4,2025-02-21,591.659533,93,55.0,Profit,Profit,2
0x28736f43f1e871e6aa8b1148d38d4994275d72c4,2025-02-22,408.03639799999996,58,49.0,Profit,Profit,2
0x28736f43f1e871e6aa8b1148d38d4994275d72c4,2025-02-23,39.91436,24,50.0,Profit,Profit,2
0x28736f43f1e871e6aa8b1148d38d4994275d72c4,2025-02-24,180.244855,61,49.0,Profit,Profit,2
0x28736f43f1e871e6aa8b1148d38d4994275d72c4,2025-02-25,168.27053,49,25.0,Profit,Profit,2
0x28736f43f1e871e6aa8b1148d38d4994275d72c4,2025-02-26,64.59776,34,21.0,Profit,Profit,2
0x28736f43f1e871e6aa8b1148d38d4994275d72c4,2025-02-27,71.919819,30,10.0,Profit,Loss,2
0x28736f43f1e871e6aa8b1148d38d4994275d72c4,2025-02-28,-3425.450348,81,16.0,Loss,Profit,2
0x28736f43f1e871e6aa8b1148d38d4994275d72c4,2025-03-01,557.9358,37,20.0,Profit,Profit,2
0x28736f43f1e871e6aa8b1148d38d4994275d72c4,2025-03-02,8330.21747,73,26.0,Profit,Profit,2
0x28736f43f1e871e6aa8b1148d38d4994275d72c4,2025-03-03,494.669357,58,33.0,Profit,Profit,2
0x28736f43f1e871e6aa8b1148d38d4994275d72c4,2025-03-04,163.73415,43,15.0,Profit,Profit,2
0x28736f43f1e871e6aa8b1148d38d4994275d72c4,2025-03-05,437.35445200000004,26,20.0,Profit,Profit,2
0x28736f43f1e871e6aa8b1148d38d4994275d72c4,2025-03-06,291.46926,21,25.0,Profit,Profit,2
0x28736f43f1e871e6aa8b1148d38d4994275d72c4,2025-03-07,411.824274,40,34.0,Profit,Profit,2
0x28736f43f1e871e6aa8b1148d38d4994275d72c4,2025-03-08,173.811132,35,28.0,Profit,Profit,2
0x28736f43f1e871e6aa8b1148d38d4994275d72c4,2025-03-09,140.953497,36,27.0,Profit,Loss,2
0x28736f43f1e871e6aa8b1148d38d4994275d72c4,2025-03-10,-4026.754395,31,20.0,Loss,Neutral,2
0x28736f43f1e871e6aa8b1148d38d4994275d72c4,2025-03-11,0.0,24,24.0,Neutral,Profit,2
0x28736f43f1e871e6aa8b1148d38d4994275d72c4,2025-03-12,33.01095,9,34.0,Profit,Profit,2
0x28736f43f1e871e6aa8b1148d38d4994275d72c4,2025-03-13,465.046501,22,45.0,Profit,Neutral,2
0x28736f43f1e871e6aa8b1148d38d4994275d72c4,2025-03-14,0.0,4,27.0,Neutral,Profit,2
0x28736f43f1e871e6aa8b1148d38d4994275d72c4,2025-03-16,106.912886,27,30.0,Profit,Neutral,2
0x28736f43f1e871e6aa8b1148d38d4994275d72c4,2025-03-17,0.0,2,32.0,Neutral,Profit,2
0x28736f43f1e871e6aa8b1148d38d4994275d72c4,2025-03-18,40.9165,15,34.0,Profit,Profit,2
0x28736f43f1e871e6aa8b1148d38d4994275d72c4,2025-03-19,54.9718,33,32.0,Profit,Profit,2
0x28736f43f1e871e6aa8b1148d38d4994275d72c4,2025-03-20,144.656157,20,49.0,Profit,Neutral,2
0x28736f43f1e871e6aa8b1148d38d4994275d72c4,2025-03-21,0.5844,12,31.0,Neutral,Profit,2
0x28736f43f1e871e6aa8b1148d38d4994275d72c4,2025-03-22,132.087931,17,32.0,Profit,Profit,2
0x28736f43f1e871e6aa8b1148d38d4994275d72c4,2025-03-23,79.086899,14,30.0,Profit,Profit,2
0x28736f43f1e871e6aa8b1148d38d4994275d72c4,2025-03-24,808.135252,45,45.0,Profit,Profit,2
0x28736f43f1e871e6aa8b1148d38d4994275d72c4,2025-03-25,417.38885700000003,33,46.0,Profit,Profit,2
0x28736f43f1e871e6aa8b1148d38d4994275d72c4,2025-03-26,379.04079,35,47.0,Profit,Loss,2
0x28736f43f1e871e6aa8b1148d38d4994275d72c4,2025-03-27,-133.035992,38,40.0,Loss,Loss,2
0x28736f43f1e871e6aa8b1148d38d4994275d72c4,2025-03-28,-21.766132,41,44.0,Loss,Profit,2
0x28736f43f1e871e6aa8b1148d38d4994275d72c4,2025-03-29,28.499012000000004,15,26.0,Profit,Loss,2
0x28736f43f1e871e6aa8b1148d38d4994275d72c4,2025-03-30,-743.288757,44,32.0,Loss,Neutral,2
0x28736f43f1e871e6aa8b1148d38d4994275d72c4,2025-03-31,3.5652170000000005,52,34.0,Neutral,Profit,2
0x28736f43f1e871e6aa8b1148d38d4994275d72c4,2025-04-01,768.351892,41,34.0,Profit,Profit,2
0x28736f43f1e871e6aa8b1148d38d4994275d72c4,2025-04-02,669.381363,70,44.0,Profit,Profit,2
0x28736f43f1e871e6aa8b1148d38d4994275d72c4,2025-04-03,149.51234499999998,85,25.0,Profit,Profit,2
0x28736f43f1e871e6aa8b1148d38d4994275d72c4,2025-04-04,498.73528200000004,100,28.0,Profit,Profit,2
0x28736f43f1e871e6aa8b1148d38d4994275d72c4,2025-04-05,177.049662,56,30.0,Profit,Loss,2
0x28736f43f1e871e6aa8b1148d38d4994275d72c4,2025-04-06,-476.77056300000004,74,34.0,Loss,Loss,2
0x28736f43f1e871e6aa8b1148d38d4994275d72c4,2025-04-07,-19833.530157,150,23.0,Loss,Profit,2
0x28736f43f1e871e6aa8b1148d38d4994275d72c4,2025-04-08,230.103259,65,24.0,Profit,Profit,2
0x28736f43f1e871e6aa8b1148d38d4994275d72c4,2025-04-09,94.077376,53,18.0,Profit,Profit,2
0x28736f43f1e871e6aa8b1148d38d4994275d72c4,2025-04-10,73.76740699999999,22,39.0,Profit,Profit,2
0x28736f43f1e871e6aa8b1148d38d4994275d72c4,2025-04-11,67.00618399999999,14,25.0,Profit,Profit,2
0x28736f43f1e871e6aa8b1148d38d4994275d72c4,2025-04-12,10.499265,3,43.0,Profit,Loss,2
0x28736f43f1e871e6aa8b1148d38d4994275d72c4,2025-04-13,-902.0714839999999,19,45.0,Loss,Profit,2
0x28736f43f1e871e6aa8b1148d38d4994275d72c4,2025-04-14,27.177561,14,31.0,Profit,Loss,2
0x28736f43f1e871e6aa8b1148d38d4994275d72c4,2025-04-15,-48.794434,17,38.0,Loss,Neutral,2
0x28736f43f1e871e6aa8b1148d38d4994275d72c4,2025-04-16,8.738942,9,29.0,Neutral,Loss,2
0x28736f43f1e871e6aa8b1148d38d4994275d72c4,2025-04-17,-15.688322,10,30.0,Loss,Profit,2
0x28736f43f1e871e6aa8b1148d38d4994275d72c4,2025-04-18,22.793679,8,33.0,Profit,Profit,2
0x28736f43f1e871e6aa8b1148d38d4994275d72c4,2025-04-19,40.803149000000005,7,32.0,Profit,Neutral,2
0x28736f43f1e871e6aa8b1148d38d4994275d72c4,2025-04-20,7.707293999999999,2,37.0,Neutral,Profit,2
0x28736f43f1e871e6aa8b1148d38d4994275d72c4,2025-04-21,19.956089,6,39.0,Profit,Profit,2
0x28736f43f1e871e6aa8b1148d38d4994275d72c4,2025-04-22,11.839106000000001,5,47.0,Profit,Profit,2
0x28736f43f1e871e6aa8b1148d38d4994275d72c4,2025-04-23,50.899228,13,72.0,Profit,Neutral,2
0x28736f43f1e871e6aa8b1148d38d4994275d72c4,2025-04-24,1.023851,1,63.0,Neutral,Neutral,2
0x28736f43f1e871e6aa8b1148d38d4994275d72c4,2025-04-27,0.265698,1,61.0,Neutral,Neutral,2
0x28736f43f1e871e6aa8b1148d38d4994275d72c4,2025-04-28,-0.08516699999999999,8,54.0,Neutral,Profit,2
0x2c229d22b100a7beb69122eed721cee9b24011dd,2024-10-31,-2.5534149999999998,9,77.0,Neutral,Neutral,1
0x2c229d22b100a7beb69122eed721cee9b24011dd,2024-11-01,-0.09906000000000104,14,75.0,Neutral,Neutral,1
0x2c229d22b100a7beb69122eed721cee9b24011dd,2024-11-06,-3.41119,3,70.0,Neutral,Loss,1
0x2c229d22b100a7beb69122eed721cee9b24011dd,2024-11-08,-710.786946,15,75.0,Loss,Loss,1
0x2c229d22b100a7beb69122eed721cee9b24011dd,2024-11-13,-17.60528,10,84.0,Loss,Profit,1
0x2c229d22b100a7beb69122eed721cee9b24011dd,2024-11-14,2215.402997,69,88.0,Profit,Profit,1
0x2c229d22b100a7beb69122eed721cee9b24011dd,2024-11-15,2137.203852,33,80.0,Profit,Profit,1
0x2c229d22b100a7beb69122eed721cee9b24011dd,2024-11-16,1484.528402,22,86.0,Profit,Neutral,1
0x2c229d22b100a7beb69122eed721cee9b24011dd,2024-11-18,-8.138354999999999,15,83.0,Neutral,Profit,1
0x2c229d22b100a7beb69122eed721cee9b24011dd,2024-11-20,2626.800865,76,83.0,Profit,Neutral,1
0x2c229d22b100a7beb69122eed721cee9b24011dd,2024-11-21,-0.15074600000000027,22,82.0,Neutral,Loss,1
0x2c229d22b100a7beb69122eed721cee9b24011dd,2024-11-22,-260.909686,57,94.0,Loss,Profit,1
0x2c229d22b100a7beb69122eed721cee9b24011dd,2024-11-29,31.04129,10,78.0,Profit,Profit,1
0x2c229d22b100a7beb69122eed721cee9b24011dd,2024-11-30,59.744873999999996,6,84.0,Profit,Profit,1
0x2c229d22b100a7beb69122eed721cee9b24011dd,2024-12-02,16196.864846,53,80.0,Profit,Profit,1
0x2c229d22b100a7beb69122eed721cee9b24011dd,2024-12-03,121.535562,59,76.0,Profit,Profit,1
0x2c229d22b100a7beb69122eed721cee9b24011dd,2024-12-04,7591.307059,37,78.0,Profit,Profit,1
0x2c229d22b100a7beb69122eed721cee9b24011dd,2024-12-05,2069.92634,33,84.0,Profit,Loss,1
0x2c229d22b100a7beb69122eed721cee9b24011dd,2024-12-06,-123.870122,9,72.0,Loss,Profit,1
0x2c229d22b100a7beb69122eed721cee9b24011dd,2024-12-10,130.883691,12,78.0,Profit,Profit,1
0x2c229d22b100a7beb69122eed721cee9b24011dd,2024-12-11,8544.6855,19,74.0,Profit,Profit,1
0x2c229d22b100a7beb69122eed721cee9b24011dd,2024-12-12,7639.595794,62,83.0,Profit,Profit,1
0x2c229d22b100a7beb69122eed721cee9b24011dd,2024-12-13,1966.9289449999999,63,76.0,Profit,Profit,1
0x2c229d22b100a7beb69122eed721cee9b24011dd,2024-12-17,214.770101,15,87.0,Profit,Profit,1
0x2c229d22b100a7beb69122eed721cee9b24011dd,2024-12-20,305.55784,11,74.0,Profit,Neutral,1
0x2c229d22b100a7beb69122eed721cee9b24011dd,2024-12-23,6.476289999999996,29,70.0,Neutral,Profit,1
0x2c229d22b100a7beb69122eed721cee9b24011dd,2024-12-24,343.63336100000004,11,73.0,Profit,Neutral,1
0x2c229d22b100a7beb69122eed721cee9b24011dd,2024-12-30,0.19908,2,65.0,Neutral,Profit,1
0x2c229d22b100a7beb69122eed721cee9b24011dd,2024-12-31,2243.319777,49,64.0,Profit,Profit,1
0x2c229d22b100a7beb69122eed721cee9b24011dd,2025-01-10,21980.47249,136,50.0,Profit,Neutral,1
0x2c229d22b100a7beb69122eed721cee9b24011dd,2025-01-11,-2.454844,7,69.0,Neutral,Loss,1
0x2c229d22b100a7beb69122eed721cee9b24011dd,2025-01-15,-18.998214,12,70.0,Loss,Profit,1
0x2c229d22b100a7beb69122eed721cee9b24011dd,2025-01-17,913.985947,57,75.0,Profit,Loss,1
0x2c229d22b100a7beb69122eed721cee9b24011dd,2025-01-18,-33.4413,2,77.0,Loss,Profit,1
0x2c229d22b100a7beb69122eed721cee9b24011dd,2025-01-19,11437.823511999999,74,77.0,Profit,Profit,1
0x2c229d22b100a7beb69122eed721cee9b24011dd,2025-01-20,1535.55008,82,76.0,Profit,Profit,1
0x2c229d22b100a7beb69122eed721cee9b24011dd,2025-01-21,59.672564,15,76.0,Profit,Profit,1
0x2c229d22b100a7beb69122eed721cee9b24011dd,2025-01-22,12769.669401000001,229,84.0,Profit,Profit,1
0x2c229d22b100a7beb69122eed721cee9b24011dd,2025-01-23,3776.64959,104,75.0,Profit,Profit,1
0x2c229d22b100a7beb69122eed721cee9b24011dd,2025-01-24,363.482456,38,75.0,Profit,Profit,1
0x2c229d22b100a7beb69122eed721cee9b24011dd,2025-01-25,2167.17715,53,75.0,Profit,Profit,1
0x2c229d22b100a7beb69122eed721cee9b24011dd,2025-01-30,159.201612,15,70.0,Profit,Profit,1
0x2c229d22b100a7beb69122eed721cee9b24011dd,2025-01-31,14418.18988,132,76.0,Profit,Profit,1
0x2c229d22b100a7beb69122eed721cee9b24011dd,2025-02-01,88.50699399999999,21,68.0,Profit,Loss,1
0x2c229d22b100a7beb69122eed721cee9b24011dd,2025-02-06,-639.3510530000001,61,49.0,Loss,Loss,1
0x2c229d22b100a7beb69122eed721cee9b24011dd,2025-02-07,-1145.924392,149,44.0,Loss,Profit,1
0x2c229d22b100a7beb69122eed721cee9b24011dd,2025-02-13,17378.569333,321,50.0,Profit,Profit,1
0x2c229d22b100a7beb69122eed721cee9b24011dd,2025-02-15,590.06989,47,50.0,Profit,Profit,1
0x2c229d22b100a7beb69122eed721cee9b24011dd,2025-02-20,3057.28245,149,49.0,Profit,Profit,1
0x2c229d22b100a7beb69122eed721cee9b24011dd,2025-02-21,8502.805925,60,55.0,Profit,Profit,1
0x2c229d22b100a7beb69122eed721cee9b24011dd,2025-02-25,169.617628,24,25.0,Profit,Profit,1
0x2c229d22b100a7beb69122eed721cee9b24011dd,2025-02-26,25.30602,10,21.0,Profit,Profit,1
0x2c229d22b100a7beb69122eed721cee9b24011dd,2025-03-05,11113.173067,89,20.0,Profit,Profit,1
0x2c229d22b100a7beb69122eed721cee9b24011dd,2025-03-06,279.152034,15,25.0,Profit,Neutral,1
0x2c229d22b100a7beb69122eed721cee9b24011dd,2025-03-07,1.17533,3,34.0,Neutral,Profit,1
0x2c229d22b100a7beb69122eed721cee9b24011dd,2025-03-11,276.7687,13,24.0,Profit,Profit,1
0x2c229d22b100a7beb69122eed721cee9b24011dd,2025-03-13,924.898908,25,45.0,Profit,Profit,1
0x2c229d22b100a7beb69122eed721cee9b24011dd,2025-03-21,1215.774424,74,31.0,Profit,Profit,1
0x2c229d22b100a7beb69122eed721cee9b24011dd,2025-03-23,514.5145660000001,15,30.0,Profit,Loss,1
0x2c229d22b100a7beb69122eed721cee9b24011dd,2025-03-25,-3323.090682,211,46.0,Loss,Profit,1
0x2c229d22b100a7beb69122eed721cee9b24011dd,2025-03-26,2323.99174,65,47.0,Profit,Profit,1
0x2c229d22b100a7beb69122eed721cee9b24011dd,2025-04-01,1334.414834,9,34.0,Profit,Neutral,1
0x2c229d22b100a7beb69122eed721cee9b24011dd,2025-04-02,1.1031579999999999,6,44.0,Neutral,Profit,1
0x2c229d22b100a7beb69122eed721cee9b24011dd,2025-04-03,160.127816,26,25.0,Profit,Profit,1
0x2c229d22b100a7beb69122eed721cee9b24011dd,2025-04-11,1419.922474,45,25.0,Profit,Profit,1
0x2c229d22b100a7beb69122eed721cee9b24011dd,2025-04-14,18.103863,8,31.0,Profit,Profit,1
0x2c229d22b100a7beb69122eed721cee9b24011dd,2025-04-18,11.209037,7,33.0,Profit,Profit,1
0x2c229d22b100a7beb69122eed721cee9b24011dd,2025-04-23,29.8368,2,72.0,Profit,Neutral,1
0x3998f134d6aaa2b6a5f723806d00fd2bbbbce891,2023-05-01,0.0,3,63.0,Neutral,Neutral,1
0x3998f134d6aaa2b6a5f723806d00fd2bbbbce891,2024-01-11,0.0,2,76.0,Neutral,Profit,1
0x3998f134d6aaa2b6a5f723806d00fd2bbbbce891,2024-01-15,152.85358,9,52.0,Profit,Loss,1
0x3998f134d6aaa2b6a5f723806d00fd2bbbbce891,2024-01-16,-3238.8,6,64.0,Loss,Loss,1
0x3998f134d6aaa2b6a5f723806d00fd2bbbbce891,2024-01-28,-2478.06972,11,54.0,Loss,Neutral,1
0x3998f134d6aaa2b6a5f723806d00fd2bbbbce891,2024-04-16,0.0,1,65.0,Neutral,Neutral,1
0x3998f134d6aaa2b6a5f723806d00fd2bbbbce891,2024-05-29,0.0,5,72.0,Neutral,Neutral,1
0x3998f134d6aaa2b6a5f723806d00fd2bbbbce891,2024-07-24,0.0,3,69.0,Neutral,Neutral,1
0x3998f134d6aaa2b6a5f723806d00fd2bbbbce891,2024-07-26,0.0,1,68.0,Neutral,Neutral,1
0x3998f134d6aaa2b6a5f723806d00fd2bbbbce891,2024-08-01,0.0,1,52.0,Neutral,Neutral,1
0x3998f134d6aaa2b6a5f723806d00fd2bbbbce891,2024-08-03,0.0,1,37.0,Neutral,Neutral,1
0x3998f134d6aaa2b6a5f723806d00fd2bbbbce891,2024-08-04,0.0,1,34.0,Neutral,Profit,1
0x3998f134d6aaa2b6a5f723806d00fd2bbbbce891,2024-08-06,215.754798,27,17.0,Profit,Neutral,1
0x3998f134d6aaa2b6a5f723806d00fd2bbbbce891,2024-08-07,0.0,11,29.0,Neutral,Neutral,1
0x3998f134d6aaa2b6a5f723806d00fd2bbbbce891,2024-08-17,0.0,29,25.0,Neutral,Neutral,1
0x3998f134d6aaa2b6a5f723806d00fd2bbbbce891,2024-08-30,0.0,1,34.0,Neutral,Neutral,1
0x3998f134d6aaa2b6a5f723806d00fd2bbbbce891,2024-09-05,0.0,1,29.0,Neutral,Profit,1
0x3998f134d6aaa2b6a5f723806d00fd2bbbbce891,2024-11-18,48.185146,6,83.0,Profit,Neutral,1
0x3998f134d6aaa2b6a5f723806d00fd2bbbbce891,2024-11-19,0.0,1,90.0,Neutral,Profit,1
0x3998f134d6aaa2b6a5f723806d00fd2bbbbce891,2024-11-29,17511.326788,56,78.0,Profit,Profit,1
0x3998f134d6aaa2b6a5f723806d00fd2bbbbce891,2024-11-30,19050.661786,39,84.0,Profit,Profit,1
0x3998f134d6aaa2b6a5f723806d00fd2bbbbce891,2024-12-01,13.566929,3,81.0,Profit,Neutral,1
0x3998f134d6aaa2b6a5f723806d00fd2bbbbce891,2024-12-02,0.0,1,80.0,Neutral,Neutral,1
0x3998f134d6aaa2b6a5f723806d00fd2bbbbce891,2024-12-14,0.0,36,83.0,Neutral,Profit,1
0x3998f134d6aaa2b6a5f723806d00fd2bbbbce891,2024-12-15,346.827642,6,80.0,Profit,Neutral,1
0x3998f134d6aaa2b6a5f723806d00fd2bbbbce891,2024-12-16,0.0,4,83.0,Neutral,Profit,1
0x3998f134d6aaa2b6a5f723806d00fd2bbbbce891,2024-12-20,22.80272,3,74.0,Profit,Neutral,1
0x3998f134d6aaa2b6a5f723806d00fd2bbbbce891,2025-01-20,0.0,2,76.0,Neutral,Loss,1
0x3998f134d6aaa2b6a5f723806d00fd2bbbbce891,2025-01-23,-5978.38652,3,75.0,Loss,Neutral,1
0x3998f134d6aaa2b6a5f723806d00fd2bbbbce891,2025-01-24,0.0,2,75.0,Neutral,Profit,1
0x3998f134d6aaa2b6a5f723806d00fd2bbbbce891,2025-02-14,19.530304,2,48.0,Profit,Loss,1
0x3998f134d6aaa2b6a5f723806d00fd2bbbbce891,2025-02-21,-350.632694,7,55.0,Loss,Profit,1
0x3998f134d6aaa2b6a5f723806d00fd2bbbbce891,2025-03-06,600.008922,37,25.0,Profit,Loss,1
0x3998f134d6aaa2b6a5f723806d00fd2bbbbce891,2025-03-10,-8224.491085,26,20.0,Loss,Loss,1
0x3998f134d6aaa2b6a5f723806d00fd2bbbbce891,2025-03-11,-58444.949486,119,24.0,Loss,Neutral,1
0x3998f134d6aaa2b6a5f723806d00fd2bbbbce891,2025-04-06,0.0,19,34.0,Neutral,Profit,1
0x3998f134d6aaa2b6a5f723806d00fd2bbbbce891,2025-04-07,9485.86,61,23.0,Profit,Neutral,1
0x3998f134d6aaa2b6a5f723806d00fd2bbbbce891,2025-04-09,0.0,30,18.0,Neutral,Profit,1
0x3998f134d6aaa2b6a5f723806d00fd2bbbbce891,2025-04-12,2466.604719,32,43.0,Profit,Profit,1
0x3998f134d6aaa2b6a5f723806d00fd2bbbbce891,2025-04-13,1076.778732,9,45.0,Profit,Loss,1
0x3998f134d6aaa2b6a5f723806d00fd2bbbbce891,2025-04-21,-3533.6725370000004,124,39.0,Loss,Neutral,1
0x3998f134d6aaa2b6a5f723806d00fd2bbbbce891,2025-04-22,0.0,1,47.0,Neutral,Profit,1
0x39cef799f8b69da1995852eea189df24eb5cae3c,2024-11-12,0.0,2,80.0,Neutral,Loss,2
0x39cef799f8b69da1995852eea189df24eb5cae3c,2024-11-20,-808.158708,2,83.0,Loss,Neutral,2
0x39cef799f8b69da1995852eea189df24eb5cae3c,2024-12-01,0.0,1,81.0,Neutral,Neutral,2
0x39cef799f8b69da1995852eea189df24eb5cae3c,2024-12-03,0.0,1,76.0,Neutral,Neutral,2
0x39cef799f8b69da1995852eea189df24eb5cae3c,2024-12-05,0.0,6,84.0,Neutral,Neutral,2
0x39cef799f8b69da1995852eea189df24eb5cae3c,2024-12-06,0.0,20,72.0,Neutral,Profit,2
0x39cef799f8b69da1995852eea189df24eb5cae3c,2024-12-09,483.662076,8,78.0,Profit,Neutral,2
0x39cef799f8b69da1995852eea189df24eb5cae3c,2024-12-10,0.0,3,78.0,Neutral,Profit,2
0x39cef799f8b69da1995852eea189df24eb5cae3c,2024-12-11,3721.345649,4,74.0,Profit,Profit,2
0x39cef799f8b69da1995852eea189df24eb5cae3c,2024-12-13,1116.8006,26,76.0,Profit,Profit,2
0x39cef799f8b69da1995852eea189df24eb5cae3c,2024-12-14,1898.178342,1,83.0,Profit,Profit,2
0x39cef799f8b69da1995852eea189df24eb5cae3c,2024-12-15,6623.483154,28,80.0,Profit,Profit,2
0x39cef799f8b69da1995852eea189df24eb5cae3c,2024-12-16,6942.186825,14,83.0,Profit,Profit,2
0x39cef799f8b69da1995852eea189df24eb5cae3c,2024-12-18,136.054186,12,81.0,Profit,Profit,2
0x39cef799f8b69da1995852eea189df24eb5cae3c,2024-12-20,1676.3027260000001,4,74.0,Profit,Profit,2
0x39cef799f8b69da1995852eea189df24eb5cae3c,2024-12-24,14849.788861,19,73.0,Profit,Loss,2
0x39cef799f8b69da1995852eea189df24eb5cae3c,2025-01-01,-9655.676981,12,66.0,Loss,Neutral,2
0x39cef799f8b69da1995852eea189df24eb5cae3c,2025-01-03,0.0,1,74.0,Neutral,Neutral,2
0x39cef799f8b69da1995852eea189df24eb5cae3c,2025-01-14,0.0,3,63.0,Neutral,Loss,2
0x39cef799f8b69da1995852eea189df24eb5cae3c,2025-01-19,-1584.55781,3,77.0,Loss,Loss,2
0x39cef799f8b69da1995852eea189df24eb5cae3c,2025-01-20,-401.2638,4,76.0,Loss,Neutral,2
0x39cef799f8b69da1995852eea189df24eb5cae3c,2025-01-23,0.0,4,75.0,Neutral,Neutral,2
0x39cef799f8b69da1995852eea189df24eb5cae3c,2025-02-23,2.9205,6,50.0,Neutral,Profit,2
0x39cef799f8b69da1995852eea189df24eb5cae3c,2025-03-04,863.956464,63,15.0,Profit,Profit,2
0x39cef799f8b69da1995852eea189df24eb5cae3c,2025-03-05,8187.59426,43,20.0,Profit,Loss,2
0x39cef799f8b69da1995852eea189df24eb5cae3c,2025-03-10,-37230.786609,2,20.0,Loss,Neutral,2
0x39cef799f8b69da1995852eea189df24eb5cae3c,2025-03-12,0.0,39,34.0,Neutral,Profit,2
0x39cef799f8b69da1995852eea189df24eb5cae3c,2025-03-17,17926.355742,205,32.0,Profit,Profit,2
0x39cef799f8b69da1995852eea189df24eb5cae3c,2025-03-18,238.31419899999997,283,34.0,Profit,Profit,2
0x39cef799f8b69da1995852eea189df24eb5cae3c,2025-03-19,909.907336,119,32.0,Profit,Neutral,2
0x39cef799f8b69da1995852eea189df24eb5cae3c,2025-03-20,0.0,82,49.0,Neutral,Neutral,2
0x39cef799f8b69da1995852eea189df24eb5cae3c,2025-03-21,0.0,3,31.0,Neutral,Profit,2
0x39cef799f8b69da1995852eea189df24eb5cae3c,2025-03-23,4988.749429,93,30.0,Profit,Profit,2
0x39cef799f8b69da1995852eea189df24eb5cae3c,2025-03-24,3896.627832,20,45.0,Profit,Neutral,2
0x39cef799f8b69da1995852eea189df24eb5cae3c,2025-03-25,0.0,1,46.0,Neutral,Profit,2
0x39cef799f8b69da1995852eea189df24eb5cae3c,2025-03-26,3782.33025,28,47.0,Profit,Profit,2
0x39cef799f8b69da1995852eea189df24eb5cae3c,2025-03-27,6504.316844999999,178,40.0,Profit,Neutral,2
0x39cef799f8b69da1995852eea189df24eb5cae3c,2025-04-03,0.0,142,25.0,Neutral,Profit,2
0x39cef799f8b69da1995852eea189df24eb5cae3c,2025-04-04,266.39774,34,28.0,Profit,Profit,2
0x39cef799f8b69da1995852eea189df24eb5cae3c,2025-04-06,24553.541149999997,68,34.0,Profit,Profit,2
0x39cef799f8b69da1995852eea189df24eb5cae3c,2025-04-07,25941.716413,929,23.0,Profit,Profit,2
0x39cef799f8b69da1995852eea189df24eb5cae3c,2025-04-08,3366.444714,14,24.0,Profit,Loss,2
0x39cef799f8b69da1995852eea189df24eb5cae3c,2025-04-09,-77308.420095,617,18.0,Loss,Loss,2
0x39cef799f8b69da1995852eea189df24eb5cae3c,2025-04-10,-831.2396219999999,306,39.0,Loss,Profit,2
0x39cef799f8b69da1995852eea189df24eb5cae3c,2025-04-13,3271.3693780000003,135,45.0,Profit,Profit,2
0x3f9a0aadc7f04a7c9d75dc1b5a6ddd6e36486cf6,2024-10-03,100.375782,5,37.0,Profit,Neutral,1
0x3f9a0aadc7f04a7c9d75dc1b5a6ddd6e36486cf6,2024-11-03,0.0,2,74.0,Neutral,Profit,1
0x3f9a0aadc7f04a7c9d75dc1b5a6ddd6e36486cf6,2024-11-04,540.05911,10,70.0,Profit,Profit,1
0x3f9a0aadc7f04a7c9d75dc1b5a6ddd6e36486cf6,2024-11-07,503.46257599999996,16,77.0,Profit,Neutral,1
0x3f9a0aadc7f04a7c9d75dc1b5a6ddd6e36486cf6,2024-11-10,0.0,1,78.0,Neutral,Profit,1
0x3f9a0aadc7f04a7c9d75dc1b5a6ddd6e36486cf6,2024-11-11,393.07947,4,76.0,Profit,Neutral,1
0x3f9a0aadc7f04a7c9d75dc1b5a6ddd6e36486cf6,2024-11-12,0.0,4,80.0,Neutral,Profit,1
0x3f9a0aadc7f04a7c9d75dc1b5a6ddd6e36486cf6,2024-11-13,135.09947,8,84.0,Profit,Neutral,1
0x3f9a0aadc7f04a7c9d75dc1b5a6ddd6e36486cf6,2024-11-15,0.0,35,80.0,Neutral,Profit,1
0x3f9a0aadc7f04a7c9d75dc1b5a6ddd6e36486cf6,2024-11-19,245.44495999999998,5,90.0,Profit,Profit,1
0x3f9a0aadc7f04a7c9d75dc1b5a6ddd6e36486cf6,2024-11-22,1050.894,22,94.0,Profit,Profit,1
0x3f9a0aadc7f04a7c9d75dc1b5a6ddd6e36486cf6,2024-11-23,788.45072,7,93.0,Profit,Neutral,1
0x3f9a0aadc7f04a7c9d75dc1b5a6ddd6e36486cf6,2024-11-26,0.0,36,79.0,Neutral,Profit,1
0x3f9a0aadc7f04a7c9d75dc1b5a6ddd6e36486cf6,2024-11-28,3855.7522,25,77.0,Profit,Neutral,1
0x3f9a0aadc7f04a7c9d75dc1b5a6ddd6e36486cf6,2024-11-29,0.0,10,78.0,Neutral,Neutral,1
0x3f9a0aadc7f04a7c9d75dc1b5a6ddd6e36486cf6,2024-12-02,0.0,1,80.0,Neutral,Profit,1
0x3f9a0aadc7f04a7c9d75dc1b5a6ddd6e36486cf6,2024-12-26,29897.971695000004,32,79.0,Profit,Neutral,1
0x3f9a0aadc7f04a7c9d75dc1b5a6ddd6e36486cf6,2024-12-28,0.0,10,72.0,Neutral,Profit,1
0x3f9a0aadc7f04a7c9d75dc1b5a6ddd6e36486cf6,2025-01-12,3699.757273,3,62.0,Profit,Neutral,1
0x3f9a0aadc7f04a7c9d75dc1b5a6ddd6e36486cf6,2025-01-13,0.0,1,61.0,Neutral,Profit,1
0x3f9a0aadc7f04a7c9d75dc1b5a6ddd6e36486cf6,2025-02-14,8019.163096,1,48.0,Profit,Neutral,1
0x3f9a0aadc7f04a7c9d75dc1b5a6ddd6e36486cf6,2025-04-04,0.0,1,28.0,Neutral,Profit,1
0x3f9a0aadc7f04a7c9d75dc1b5a6ddd6e36486cf6,2025-04-05,562.1943200000001,19,30.0,Profit,Neutral,1
0x3f9a0aadc7f04a7c9d75dc1b5a6ddd6e36486cf6,2025-04-06,0.0,21,34.0,Neutral,Profit,1
0x3f9a0aadc7f04a7c9d75dc1b5a6ddd6e36486cf6,2025-04-09,110.553364,19,18.0,Profit,Neutral,1
0x3f9a0aadc7f04a7c9d75dc1b5a6ddd6e36486cf6,2025-04-10,0.0,6,39.0,Neutral,Profit,1
0x3f9a0aadc7f04a7c9d75dc1b5a6ddd6e36486cf6,2025-04-12,3593.989207,27,43.0,Profit,Neutral,1
0x420ab45e0bd8863569a5efbb9c05d91f40624641,2024-12-06,0.0,45,72.0,Neutral,Profit,2
0x420ab45e0bd8863569a5efbb9c05d91f40624641,2024-12-12,1762.46,10,83.0,Profit,Profit,2
0x420ab45e0bd8863569a5efbb9c05d91f40624641,2024-12-17,27.63736,20,87.0,Profit,Neutral,2
0x420ab45e0bd8863569a5efbb9c05d91f40624641,2024-12-18,0.0,44,81.0,Neutral,Profit,2
0x420ab45e0bd8863569a5efbb9c05d91f40624641,2024-12-19,2229.5212300000003,4,75.0,Profit,Profit,2
0x420ab45e0bd8863569a5efbb9c05d91f40624641,2024-12-23,12082.95,2,70.0,Profit,Neutral,2
0x420ab45e0bd8863569a5efbb9c05d91f40624641,2024-12-24,0.0,7,73.0,Neutral,Neutral,2
0x420ab45e0bd8863569a5efbb9c05d91f40624641,2025-01-08,0.0,12,70.0,Neutral,Neutral,2
0x420ab45e0bd8863569a5efbb9c05d91f40624641,2025-01-15,0.0,2,70.0,Neutral,Neutral,2
0x420ab45e0bd8863569a5efbb9c05d91f40624641,2025-01-16,0.0,30,75.0,Neutral,Neutral,2
0x420ab45e0bd8863569a5efbb9c05d91f40624641,2025-02-08,0.0,5,44.0,Neutral,Neutral,2
0x420ab45e0bd8863569a5efbb9c05d91f40624641,2025-02-14,0.0,12,48.0,Neutral,Profit,2
0x420ab45e0bd8863569a5efbb9c05d91f40624641,2025-03-08,11894.061848,11,28.0,Profit,Profit,2
0x420ab45e0bd8863569a5efbb9c05d91f40624641,2025-03-11,9461.082288,61,24.0,Profit,Profit,2
0x420ab45e0bd8863569a5efbb9c05d91f40624641,2025-03-14,16017.255710000001,8,27.0,Profit,Profit,2
0x420ab45e0bd8863569a5efbb9c05d91f40624641,2025-03-15,74293.663505,25,46.0,Profit,Profit,2
0x420ab45e0bd8863569a5efbb9c05d91f40624641,2025-03-18,63015.976505,5,34.0,Profit,Neutral,2
0x420ab45e0bd8863569a5efbb9c05d91f40624641,2025-03-19,0.0,58,32.0,Neutral,Neutral,2
0x420ab45e0bd8863569a5efbb9c05d91f40624641,2025-03-25,0.0,11,46.0,Neutral,Profit,2
0x430f09841d65beb3f27765503d0f850b8bce7713,2024-04-20,0.0,20,66.0,Neutral,Neutral,0
0x430f09841d65beb3f27765503d0f850b8bce7713,2024-04-25,0.0,68,72.0,Neutral,Neutral,0
0x430f09841d65beb3f27765503d0f850b8bce7713,2024-06-19,0.0,3,64.0,Neutral,Profit,0
0x430f09841d65beb3f27765503d0f850b8bce7713,2024-06-20,57478.456026,8,60.0,Profit,Profit,0
0x430f09841d65beb3f27765503d0f850b8bce7713,2024-07-23,88084.992348,229,71.0,Profit,Neutral,0
0x430f09841d65beb3f27765503d0f850b8bce7713,2024-07-24,0.0,2,69.0,Neutral,Neutral,0
0x430f09841d65beb3f27765503d0f850b8bce7713,2024-07-25,0.0,1,68.0,Neutral,Neutral,0
0x430f09841d65beb3f27765503d0f850b8bce7713,2024-08-09,0.0,1,48.0,Neutral,Neutral,0
0x430f09841d65beb3f27765503d0f850b8bce7713,2024-08-10,0.0,1,40.0,Neutral,Neutral,0
0x430f09841d65beb3f27765503d0f850b8bce7713,2024-08-12,0.0,1,25.0,Neutral,Neutral,0
0x430f09841d65beb3f27765503d0f850b8bce7713,2024-08-13,0.0,1,31.0,Neutral,Neutral,0
0x430f09841d65beb3f27765503d0f850b8bce7713,2024-08-14,0.0,1,30.0,Neutral,Neutral,0
0x430f09841d65beb3f27765503d0f850b8bce7713,2024-08-30,0.0,1,34.0,Neutral,Neutral,0
0x430f09841d65beb3f27765503d0f850b8bce7713,2024-08-31,0.0,1,29.0,Neutral,Neutral,0
0x430f09841d65beb3f27765503d0f850b8bce7713,2024-09-11,0.0,1,37.0,Neutral,Neutral,0
0x430f09841d65beb3f27765503d0f850b8bce7713,2024-09-14,0.0,1,50.0,Neutral,Profit,0
0x430f09841d65beb3f27765503d0f850b8bce7713,2024-09-21,36165.56933,23,54.0,Profit,Neutral,0
0x430f09841d65beb3f27765503d0f850b8bce7713,2024-10-05,0.0,1,49.0,Neutral,Neutral,0
0x430f09841d65beb3f27765503d0f850b8bce7713,2024-10-11,0.0,1,32.0,Neutral,Profit,0
0x430f09841d65beb3f27765503d0f850b8bce7713,2024-11-29,124284.948775,15,78.0,Profit,Profit,0
0x430f09841d65beb3f27765503d0f850b8bce7713,2025-02-07,5615.052102,93,44.0,Profit,Profit,0
0x430f09841d65beb3f27765503d0f850b8bce7713,2025-02-12,22795.8104,108,46.0,Profit,Profit,0
0x430f09841d65beb3f27765503d0f850b8bce7713,2025-02-21,82117.04336,255,55.0,Profit,Neutral,0
0x430f09841d65beb3f27765503d0f850b8bce7713,2025-04-09,0.0,79,18.0,Neutral,Neutral,0
0x430f09841d65beb3f27765503d0f850b8bce7713,2025-04-16,0.0,78,29.0,Neutral,Neutral,0
0x430f09841d65beb3f27765503d0f850b8bce7713,2025-04-18,0.0,58,33.0,Neutral,Neutral,0
0x430f09841d65beb3f27765503d0f850b8bce7713,2025-04-26,0.0,132,65.0,Neutral,Neutral,0
0x47add9a56df66b524d5e2c1993a43cde53b6ed85,2024-11-30,8.570313,8,84.0,Neutral,Profit,2
0x47add9a56df66b524d5e2c1993a43cde53b6ed85,2024-12-01,197.422418,4,81.0,Profit,Profit,2
0x47add9a56df66b524d5e2c1993a43cde53b6ed85,2024-12-03,30.727222,42,76.0,Profit,Profit,2
0x47add9a56df66b524d5e2c1993a43cde53b6ed85,2024-12-04,910.584797,102,78.0,Profit,Profit,2
0x47add9a56df66b524d5e2c1993a43cde53b6ed85,2024-12-05,3174.023699,290,84.0,Profit,Profit,2
0x47add9a56df66b524d5e2c1993a43cde53b6ed85,2024-12-06,514.886454,108,72.0,Profit,Profit,2
0x47add9a56df66b524d5e2c1993a43cde53b6ed85,2024-12-07,1040.616939,180,75.0,Profit,Profit,2
0x47add9a56df66b524d5e2c1993a43cde53b6ed85,2024-12-08,227.072158,69,79.0,Profit,Profit,2
0x47add9a56df66b524d5e2c1993a43cde53b6ed85,2024-12-09,311.290605,55,78.0,Profit,Profit,2
0x47add9a56df66b524d5e2c1993a43cde53b6ed85,2024-12-10,1474.670598,182,78.0,Profit,Profit,2
0x47add9a56df66b524d5e2c1993a43cde53b6ed85,2024-12-11,1157.689489,325,74.0,Profit,Profit,2
0x47add9a56df66b524d5e2c1993a43cde53b6ed85,2024-12-12,574.398074,159,83.0,Profit,Profit,2
0x47add9a56df66b524d5e2c1993a43cde53b6ed85,2024-12-13,587.630504,148,76.0,Profit,Profit,2
0x47add9a56df66b524d5e2c1993a43cde53b6ed85,2024-12-14,1178.021061,62,83.0,Profit,Profit,2
0x47add9a56df66b524d5e2c1993a43cde53b6ed85,2024-12-15,10303.889423,181,80.0,Profit,Profit,2
0x47add9a56df66b524d5e2c1993a43cde53b6ed85,2024-12-16,333.398209,92,83.0,Profit,Profit,2
0x47add9a56df66b524d5e2c1993a43cde53b6ed85,2024-12-17,21172.081622,396,87.0,Profit,Profit,2
0x47add9a56df66b524d5e2c1993a43cde53b6ed85,2024-12-18,3311.822419,226,81.0,Profit,Profit,2
0x47add9a56df66b524d5e2c1993a43cde53b6ed85,2024-12-19,3491.018544,135,75.0,Profit,Profit,2
0x47add9a56df66b524d5e2c1993a43cde53b6ed85,2024-12-20,6049.6938279999995,128,74.0,Profit,Profit,2
0x47add9a56df66b524d5e2c1993a43cde53b6ed85,2024-12-21,7454.276452,229,73.0,Profit,Profit,2
0x47add9a56df66b524d5e2c1993a43cde53b6ed85,2024-12-22,1063.854341,102,73.0,Profit,Profit,2
0x47add9a56df66b524d5e2c1993a43cde53b6ed85,2024-12-23,4704.4420789999995,486,70.0,Profit,Profit,2
0x47add9a56df66b524d5e2c1993a43cde53b6ed85,2024-12-24,1506.989241,121,73.0,Profit,Profit,2
0x47add9a56df66b524d5e2c1993a43cde53b6ed85,2024-12-25,271.246809,99,73.0,Profit,Profit,2
0x47add9a56df66b524d5e2c1993a43cde53b6ed85,2024-12-26,9136.439892,160,79.0,Profit,Profit,2
0x47add9a56df66b524d5e2c1993a43cde53b6ed85,2024-12-27,1473.2450880000001,115,74.0,Profit,Profit,2
0x47add9a56df66b524d5e2c1993a43cde53b6ed85,2024-12-28,74.156745,43,72.0,Profit,Profit,2
0x47add9a56df66b524d5e2c1993a43cde53b6ed85,2024-12-29,1609.679253,92,73.0,Profit,Profit,2
0x47add9a56df66b524d5e2c1993a43cde53b6ed85,2024-12-30,240.749155,59,65.0,Profit,Profit,2
0x47add9a56df66b524d5e2c1993a43cde53b6ed85,2024-12-31,97.688169,99,64.0,Profit,Profit,2
0x47add9a56df66b524d5e2c1993a43cde53b6ed85,2025-01-01,17.784696,16,66.0,Profit,Profit,2
0x47add9a56df66b524d5e2c1993a43cde53b6ed85,2025-01-02,677.276764,90,70.0,Profit,Profit,2
0x47add9a56df66b524d5e2c1993a43cde53b6ed85,2025-01-03,846.655814,102,74.0,Profit,Profit,2
0x47add9a56df66b524d5e2c1993a43cde53b6ed85,2025-01-04,73.451675,57,73.0,Profit,Neutral,2
0x47add9a56df66b524d5e2c1993a43cde53b6ed85,2025-01-05,8.594753,38,72.0,Neutral,Profit,2
0x47add9a56df66b524d5e2c1993a43cde53b6ed85,2025-01-06,559.643925,84,76.0,Profit,Profit,2
0x47add9a56df66b524d5e2c1993a43cde53b6ed85,2025-01-07,289.257865,40,78.0,Profit,Profit,2
0x47add9a56df66b524d5e2c1993a43cde53b6ed85,2025-01-08,1377.989592,187,70.0,Profit,Profit,2
0x47add9a56df66b524d5e2c1993a43cde53b6ed85,2025-01-09,279.587921,95,69.0,Profit,Loss,2
0x47add9a56df66b524d5e2c1993a43cde53b6ed85,2025-01-10,-271.259943,97,50.0,Loss,Profit,2
0x47add9a56df66b524d5e2c1993a43cde53b6ed85,2025-01-11,71.39075800000003,39,69.0,Profit,Profit,2
0x47add9a56df66b524d5e2c1993a43cde53b6ed85,2025-01-12,103.67729899999999,44,62.0,Profit,Profit,2
0x47add9a56df66b524d5e2c1993a43cde53b6ed85,2025-01-13,218.429393,67,61.0,Profit,Profit,2
0x47add9a56df66b524d5e2c1993a43cde53b6ed85,2025-01-14,992.803005,79,63.0,Profit,Profit,2
0x47add9a56df66b524d5e2c1993a43cde53b6ed85,2025-01-15,361.155853,72,70.0,Profit,Profit,2
0x47add9a56df66b524d5e2c1993a43cde53b6ed85,2025-01-16,319.22369499999996,88,75.0,Profit,Profit,2
0x47add9a56df66b524d5e2c1993a43cde53b6ed85,2025-01-17,498.16985999999997,50,75.0,Profit,Profit,2
0x47add9a56df66b524d5e2c1993a43cde53b6ed85,2025-01-18,307.105046,34,77.0,Profit,Profit,2
0x47add9a56df66b524d5e2c1993a43cde53b6ed85,2025-01-19,541.742729,27,77.0,Profit,Profit,2
0x47add9a56df66b524d5e2c1993a43cde53b6ed85,2025-01-20,2262.94445,66,76.0,Profit,Profit,2
0x47add9a56df66b524d5e2c1993a43cde53b6ed85,2025-01-21,287.821918,13,76.0,Profit,Profit,2
0x47add9a56df66b524d5e2c1993a43cde53b6ed85,2025-01-22,2867.6138889999997,98,84.0,Profit,Profit,2
0x47add9a56df66b524d5e2c1993a43cde53b6ed85,2025-01-23,420.491149,26,75.0,Profit,Profit,2
0x47add9a56df66b524d5e2c1993a43cde53b6ed85,2025-01-24,553.5255989999999,40,75.0,Profit,Profit,2
0x47add9a56df66b524d5e2c1993a43cde53b6ed85,2025-01-25,416.148576,36,75.0,Profit,Profit,2
0x47add9a56df66b524d5e2c1993a43cde53b6ed85,2025-01-26,535.938645,18,73.0,Profit,Profit,2
0x47add9a56df66b524d5e2c1993a43cde53b6ed85,2025-01-27,1295.825632,83,71.0,Profit,Profit,2
0x47add9a56df66b524d5e2c1993a43cde53b6ed85,2025-01-28,475.702642,43,72.0,Profit,Profit,2
0x47add9a56df66b524d5e2c1993a43cde53b6ed85,2025-01-29,41.935052,14,72.0,Profit,Profit,2
0x47add9a56df66b524d5e2c1993a43cde53b6ed85,2025-01-30,783.829317,44,70.0,Profit,Profit,2
0x47add9a56df66b524d5e2c1993a43cde53b6ed85,2025-01-31,488.582241,57,76.0,Profit,Profit,2
0x47add9a56df66b524d5e2c1993a43cde53b6ed85,2025-02-01,526.448209,33,68.0,Profit,Loss,2
0x47add9a56df66b524d5e2c1993a43cde53b6ed85,2025-02-02,-782.6517170000001,108,60.0,Loss,Profit,2
0x47add9a56df66b524d5e2c1993a43cde53b6ed85,2025-02-03,2440.916534,182,44.0,Profit,Profit,2
0x47add9a56df66b524d5e2c1993a43cde53b6ed85,2025-02-04,874.3810560000001,34,72.0,Profit,Profit,2
0x47add9a56df66b524d5e2c1993a43cde53b6ed85,2025-02-05,32.72269,3,54.0,Profit,Profit,2
0x47add9a56df66b524d5e2c1993a43cde53b6ed85,2025-02-06,922.6724320000001,63,49.0,Profit,Profit,2
0x47add9a56df66b524d5e2c1993a43cde53b6ed85,2025-02-07,126.11297599999999,17,44.0,Profit,Profit,2
0x47add9a56df66b524d5e2c1993a43cde53b6ed85,2025-02-08,78.902492,22,44.0,Profit,Profit,2
0x47add9a56df66b524d5e2c1993a43cde53b6ed85,2025-02-09,378.027954,29,46.0,Profit,Neutral,2
0x47add9a56df66b524d5e2c1993a43cde53b6ed85,2025-02-10,4.42722,6,43.0,Neutral,Profit,2
0x47add9a56df66b524d5e2c1993a43cde53b6ed85,2025-02-11,314.918282,17,47.0,Profit,Profit,2
0x47add9a56df66b524d5e2c1993a43cde53b6ed85,2025-02-12,117.09923500000001,5,46.0,Profit,Profit,2
0x47add9a56df66b524d5e2c1993a43cde53b6ed85,2025-02-13,534.854304,47,50.0,Profit,Loss,2
0x47add9a56df66b524d5e2c1993a43cde53b6ed85,2025-02-14,-10.630689999999959,47,48.0,Loss,Profit,2
0x47add9a56df66b524d5e2c1993a43cde53b6ed85,2025-02-15,231.07204,21,50.0,Profit,Profit,2
0x47add9a56df66b524d5e2c1993a43cde53b6ed85,2025-02-16,278.922501,41,54.0,Profit,Profit,2
0x47add9a56df66b524d5e2c1993a43cde53b6ed85,2025-02-17,19.482565,13,51.0,Profit,Profit,2
0x47add9a56df66b524d5e2c1993a43cde53b6ed85,2025-02-18,336.64107,54,47.0,Profit,Profit,2
0x47add9a56df66b524d5e2c1993a43cde53b6ed85,2025-02-19,89.261197,22,44.0,Profit,Profit,2
0x47add9a56df66b524d5e2c1993a43cde53b6ed85,2025-02-20,168.023469,13,49.0,Profit,Profit,2
0x47add9a56df66b524d5e2c1993a43cde53b6ed85,2025-02-21,165.776644,15,55.0,Profit,Profit,2
0x47add9a56df66b524d5e2c1993a43cde53b6ed85,2025-02-22,31.523152,18,49.0,Profit,Profit,2
0x47add9a56df66b524d5e2c1993a43cde53b6ed85,2025-02-23,122.057796,7,50.0,Profit,Profit,2
0x47add9a56df66b524d5e2c1993a43cde53b6ed85,2025-02-24,437.185458,29,49.0,Profit,Profit,2
0x47add9a56df66b524d5e2c1993a43cde53b6ed85,2025-02-25,3455.584856,190,25.0,Profit,Loss,2
0x47add9a56df66b524d5e2c1993a43cde53b6ed85,2025-02-26,-200.798196,28,21.0,Loss,Loss,2
0x47add9a56df66b524d5e2c1993a43cde53b6ed85,2025-02-27,-195.841458,18,10.0,Loss,Profit,2
0x47add9a56df66b524d5e2c1993a43cde53b6ed85,2025-02-28,933.170538,71,16.0,Profit,Profit,2
0x47add9a56df66b524d5e2c1993a43cde53b6ed85,2025-03-01,109.593094,27,20.0,Profit,Profit,2
0x47add9a56df66b524d5e2c1993a43cde53b6ed85,2025-03-02,349.12092600000005,21,26.0,Profit,Profit,2
0x47add9a56df66b524d5e2c1993a43cde53b6ed85,2025-03-03,376.017126,33,33.0,Profit,Profit,2
0x47add9a56df66b524d5e2c1993a43cde53b6ed85,2025-03-04,444.266681,32,15.0,Profit,Profit,2
0x47add9a56df66b524d5e2c1993a43cde53b6ed85,2025-03-05,423.18325600000003,21,20.0,Profit,Profit,2
0x47add9a56df66b524d5e2c1993a43cde53b6ed85,2025-03-06,102.92652,12,25.0,Profit,Profit,2
0x47add9a56df66b524d5e2c1993a43cde53b6ed85,2025-03-07,781.670551,62,34.0,Profit,Profit,2
0x47add9a56df66b524d5e2c1993a43cde53b6ed85,2025-03-08,119.3611,31,28.0,Profit,Neutral,2
0x47add9a56df66b524d5e2c1993a43cde53b6ed85,2025-03-09,0.0,8,27.0,Neutral,Neutral,2
0x47add9a56df66b524d5e2c1993a43cde53b6ed85,2025-03-10,0.0,16,20.0,Neutral,Profit,2
0x47add9a56df66b524d5e2c1993a43cde53b6ed85,2025-03-11,266.837111,32,24.0,Profit,Profit,2
0x47add9a56df66b524d5e2c1993a43cde53b6ed85,2025-03-12,78.714444,7,34.0,Profit,Neutral,2
0x47add9a56df66b524d5e2c1993a43cde53b6ed85,2025-03-13,-1.2672399999999993,9,45.0,Neutral,Profit,2
0x47add9a56df66b524d5e2c1993a43cde53b6ed85,2025-03-15,202.313183,36,46.0,Profit,Neutral,2
0x47add9a56df66b524d5e2c1993a43cde53b6ed85,2025-03-16,-6.342484000000001,7,30.0,Neutral,Loss,2
0x47add9a56df66b524d5e2c1993a43cde53b6ed85,2025-03-17,-31.277088,3,32.0,Loss,Neutral,2
0x47add9a56df66b524d5e2c1993a43cde53b6ed85,2025-03-19,-2.8135689999999993,12,32.0,Neutral,Loss,2
0x47add9a56df66b524d5e2c1993a43cde53b6ed85,2025-03-20,-147.78931200000002,20,49.0,Loss,Profit,2
0x47add9a56df66b524d5e2c1993a43cde53b6ed85,2025-03-21,39.1247,6,31.0,Profit,Loss,2
0x47add9a56df66b524d5e2c1993a43cde53b6ed85,2025-03-22,-1184.046158,11,32.0,Loss,Neutral,2
0x47add9a56df66b524d5e2c1993a43cde53b6ed85,2025-03-23,0.0,2,30.0,Neutral,Loss,2
0x47add9a56df66b524d5e2c1993a43cde53b6ed85,2025-03-24,-216.431703,25,45.0,Loss,Profit,2
0x47add9a56df66b524d5e2c1993a43cde53b6ed85,2025-03-25,87.95347999999998,3,46.0,Profit,Profit,2
0x47add9a56df66b524d5e2c1993a43cde53b6ed85,2025-03-26,69.285,3,47.0,Profit,Neutral,2
0x47add9a56df66b524d5e2c1993a43cde53b6ed85,2025-03-30,0.0,3,32.0,Neutral,Profit,2
0x47add9a56df66b524d5e2c1993a43cde53b6ed85,2025-03-31,798.187528,16,34.0,Profit,Loss,2
0x47add9a56df66b524d5e2c1993a43cde53b6ed85,2025-04-01,-680.287463,19,34.0,Loss,Profit,2
0x47add9a56df66b524d5e2c1993a43cde53b6ed85,2025-04-02,93.006465,4,44.0,Profit,Neutral,2
0x47add9a56df66b524d5e2c1993a43cde53b6ed85,2025-04-03,7.052034,14,25.0,Neutral,Neutral,2
0x47add9a56df66b524d5e2c1993a43cde53b6ed85,2025-04-04,0.0,2,28.0,Neutral,Loss,2
0x47add9a56df66b524d5e2c1993a43cde53b6ed85,2025-04-05,-132.88134,25,30.0,Loss,Loss,2
0x47add9a56df66b524d5e2c1993a43cde53b6ed85,2025-04-06,-1400.5515480000001,15,34.0,Loss,Loss,2
0x47add9a56df66b524d5e2c1993a43cde53b6ed85,2025-04-07,-5651.552238,48,23.0,Loss,Loss,2
0x47add9a56df66b524d5e2c1993a43cde53b6ed85,2025-04-08,-6745.027414,42,24.0,Loss,Loss,2
0x47add9a56df66b524d5e2c1993a43cde53b6ed85,2025-04-09,-3911.273892,56,18.0,Loss,Profit,2
0x47add9a56df66b524d5e2c1993a43cde53b6ed85,2025-04-10,258.032458,21,39.0,Profit,Profit,2
0x47add9a56df66b524d5e2c1993a43cde53b6ed85,2025-04-11,608.246567,28,25.0,Profit,Profit,2
0x47add9a56df66b524d5e2c1993a43cde53b6ed85,2025-04-12,3105.920269,41,43.0,Profit,Profit,2
0x47add9a56df66b524d5e2c1993a43cde53b6ed85,2025-04-13,490.32631200000003,26,45.0,Profit,Profit,2
0x47add9a56df66b524d5e2c1993a43cde53b6ed85,2025-04-14,263.769257,7,31.0,Profit,Profit,2
0x47add9a56df66b524d5e2c1993a43cde53b6ed85,2025-04-16,17.022667,11,29.0,Profit,Profit,2
0x47add9a56df66b524d5e2c1993a43cde53b6ed85,2025-04-17,169.67583499999998,29,30.0,Profit,Profit,2
0x47add9a56df66b524d5e2c1993a43cde53b6ed85,2025-04-19,64.128219,2,32.0,Profit,Profit,2
0x47add9a56df66b524d5e2c1993a43cde53b6ed85,2025-04-20,12.652267000000005,21,37.0,Profit,Neutral,2
0x47add9a56df66b524d5e2c1993a43cde53b6ed85,2025-04-21,-2.1503300000000003,12,39.0,Neutral,Loss,2
0x47add9a56df66b524d5e2c1993a43cde53b6ed85,2025-04-22,-282.266207,14,47.0,Loss,Profit,2
0x47add9a56df66b524d5e2c1993a43cde53b6ed85,2025-04-23,511.720343,45,72.0,Profit,Profit,2
0x47add9a56df66b524d5e2c1993a43cde53b6ed85,2025-04-24,350.896638,24,63.0,Profit,Neutral,2
0x47add9a56df66b524d5e2c1993a43cde53b6ed85,2025-04-25,0.0,7,60.0,Neutral,Profit,2
0x47add9a56df66b524d5e2c1993a43cde53b6ed85,2025-04-26,147.607393,18,65.0,Profit,Profit,2
0x47add9a56df66b524d5e2c1993a43cde53b6ed85,2025-04-27,361.183441,13,61.0,Profit,Profit,2
0x47add9a56df66b524d5e2c1993a43cde53b6ed85,2025-04-28,146.420556,9,54.0,Profit,Profit,2
0x47add9a56df66b524d5e2c1993a43cde53b6ed85,2025-04-29,30.495403,7,60.0,Profit,Profit,2
0x4acb90e786d897ecffb614dc822eb231b4ffb9f4,2024-12-14,0.0,1,83.0,Neutral,Profit,0
0x4acb90e786d897ecffb614dc822eb231b4ffb9f4,2024-12-19,7440.638159,89,75.0,Profit,Profit,0
0x4acb90e786d897ecffb614dc822eb231b4ffb9f4,2024-12-20,53635.529649,238,74.0,Profit,Profit,0
0x4acb90e786d897ecffb614dc822eb231b4ffb9f4,2024-12-27,357.346725,18,74.0,Profit,Profit,0
0x4acb90e786d897ecffb614dc822eb231b4ffb9f4,2024-12-30,2227.18659,38,65.0,Profit,Neutral,0
0x4acb90e786d897ecffb614dc822eb231b4ffb9f4,2025-01-08,0.0,139,70.0,Neutral,Profit,0
0x4acb90e786d897ecffb614dc822eb231b4ffb9f4,2025-01-09,35352.95374,96,69.0,Profit,Profit,0
0x4acb90e786d897ecffb614dc822eb231b4ffb9f4,2025-01-10,2812.7685,27,50.0,Profit,Profit,0
0x4acb90e786d897ecffb614dc822eb231b4ffb9f4,2025-01-12,927.412681,390,62.0,Profit,Neutral,0
0x4acb90e786d897ecffb614dc822eb231b4ffb9f4,2025-01-13,0.0,23,61.0,Neutral,Profit,0
0x4acb90e786d897ecffb614dc822eb231b4ffb9f4,2025-01-16,13963.52,4,75.0,Profit,Profit,0
0x4acb90e786d897ecffb614dc822eb231b4ffb9f4,2025-01-19,1519.769822,30,77.0,Profit,Loss,0
0x4acb90e786d897ecffb614dc822eb231b4ffb9f4,2025-01-20,-2427.873799,43,76.0,Loss,Neutral,0
0x4acb90e786d897ecffb614dc822eb231b4ffb9f4,2025-02-20,0.0,13,49.0,Neutral,Profit,0
0x4acb90e786d897ecffb614dc822eb231b4ffb9f4,2025-02-24,856.4737299999999,41,49.0,Profit,Profit,0
0x4acb90e786d897ecffb614dc822eb231b4ffb9f4,2025-02-25,11271.895074,215,25.0,Profit,Profit,0
0x4acb90e786d897ecffb614dc822eb231b4ffb9f4,2025-02-26,22137.551238,50,21.0,Profit,Profit,0
0x4acb90e786d897ecffb614dc822eb231b4ffb9f4,2025-02-27,503.31943,12,10.0,Profit,Profit,0
0x4acb90e786d897ecffb614dc822eb231b4ffb9f4,2025-02-28,22299.186495,89,16.0,Profit,Neutral,0
0x4acb90e786d897ecffb614dc822eb231b4ffb9f4,2025-03-03,0.0,19,33.0,Neutral,Neutral,0
0x4acb90e786d897ecffb614dc822eb231b4ffb9f4,2025-03-04,0.0,155,15.0,Neutral,Profit,0
0x4acb90e786d897ecffb614dc822eb231b4ffb9f4,2025-03-06,5109.859504,15,25.0,Profit,Neutral,0
0x4acb90e786d897ecffb614dc822eb231b4ffb9f4,2025-03-07,0.0,57,34.0,Neutral,Neutral,0
0x4acb90e786d897ecffb614dc822eb231b4ffb9f4,2025-03-10,0.08712,114,20.0,Neutral,Neutral,0
0x4acb90e786d897ecffb614dc822eb231b4ffb9f4,2025-03-11,0.0,84,24.0,Neutral,Neutral,0
0x4acb90e786d897ecffb614dc822eb231b4ffb9f4,2025-03-13,0.0,15,45.0,Neutral,Profit,0
0x4acb90e786d897ecffb614dc822eb231b4ffb9f4,2025-03-20,4839.59228,195,49.0,Profit,Neutral,0
0x4acb90e786d897ecffb614dc822eb231b4ffb9f4,2025-03-21,0.0,17,31.0,Neutral,Profit,0
0x4acb90e786d897ecffb614dc822eb231b4ffb9f4,2025-03-22,4350.379248,53,32.0,Profit,Profit,0
0x4acb90e786d897ecffb614dc822eb231b4ffb9f4,2025-03-23,2897.148962,76,30.0,Profit,Profit,0
0x4acb90e786d897ecffb614dc822eb231b4ffb9f4,2025-03-24,48946.705539,185,45.0,Profit,Profit,0
0x4acb90e786d897ecffb614dc822eb231b4ffb9f4,2025-03-25,30531.101000000002,50,46.0,Profit,Profit,0
0x4acb90e786d897ecffb614dc822eb231b4ffb9f4,2025-03-26,9261.449882,140,47.0,Profit,Profit,0
0x4acb90e786d897ecffb614dc822eb231b4ffb9f4,2025-03-29,314.6728,23,26.0,Profit,Profit,0
0x4acb90e786d897ecffb614dc822eb231b4ffb9f4,2025-03-30,5362.529222,21,32.0,Profit,Profit,0
0x4acb90e786d897ecffb614dc822eb231b4ffb9f4,2025-03-31,4750.8109939999995,47,34.0,Profit,Profit,0
0x4acb90e786d897ecffb614dc822eb231b4ffb9f4,2025-04-02,444.205198,16,44.0,Profit,Neutral,0
0x4acb90e786d897ecffb614dc822eb231b4ffb9f4,2025-04-03,0.0,60,25.0,Neutral,Neutral,0
0x4acb90e786d897ecffb614dc822eb231b4ffb9f4,2025-04-04,0.0,51,28.0,Neutral,Profit,0
0x4acb90e786d897ecffb614dc822eb231b4ffb9f4,2025-04-05,31134.240601999998,102,30.0,Profit,Neutral,0
0x4acb90e786d897ecffb614dc822eb231b4ffb9f4,2025-04-06,0.0,103,34.0,Neutral,Profit,0
0x4acb90e786d897ecffb614dc822eb231b4ffb9f4,2025-04-07,13642.628143,189,23.0,Profit,Profit,0
0x4acb90e786d897ecffb614dc822eb231b4ffb9f4,2025-04-08,221.0,3,24.0,Profit,Profit,0
0x4acb90e786d897ecffb614dc822eb231b4ffb9f4,2025-04-09,107892.62706,290,18.0,Profit,Profit,0
0x4acb90e786d897ecffb614dc822eb231b4ffb9f4,2025-04-10,84856.33534,222,39.0,Profit,Profit,0
0x4acb90e786d897ecffb614dc822eb231b4ffb9f4,2025-04-11,122461.112004,74,25.0,Profit,Neutral,0
0x4acb90e786d897ecffb614dc822eb231b4ffb9f4,2025-04-12,0.0,68,43.0,Neutral,Profit,0
0x4acb90e786d897ecffb614dc822eb231b4ffb9f4,2025-04-14,21531.8321,76,31.0,Profit,Neutral,0
0x4acb90e786d897ecffb614dc822eb231b4ffb9f4,2025-04-15,0.0,51,38.0,Neutral,Profit,0
0x4acb90e786d897ecffb614dc822eb231b4ffb9f4,2025-04-16,3088.0,1,29.0,Profit,Loss,0
0x4acb90e786d897ecffb614dc822eb231b4ffb9f4,2025-04-17,-110.0,6,30.0,Loss,Loss,0
0x4acb90e786d897ecffb614dc822eb231b4ffb9f4,2025-04-21,-681.29819,23,39.0,Loss,Profit,0
0x4acb90e786d897ecffb614dc822eb231b4ffb9f4,2025-04-22,132.0,6,47.0,Profit,Profit,0
0x4acb90e786d897ecffb614dc822eb231b4ffb9f4,2025-04-23,2875.230157,121,72.0,Profit,Profit,0
0x4acb90e786d897ecffb614dc822eb231b4ffb9f4,2025-04-24,459.24741,23,63.0,Profit,Neutral,0
0x4acb90e786d897ecffb614dc822eb231b4ffb9f4,2025-04-25,0.0,3,60.0,Neutral,Profit,0
0x4acb90e786d897ecffb614dc822eb231b4ffb9f4,2025-04-26,47.876234000000004,41,65.0,Profit,Profit,0
0x4f93fead39b70a1824f981a54d4e55b278e9f760,2024-03-13,0.0,7,81.0,Neutral,Profit,0
0x4f93fead39b70a1824f981a54d4e55b278e9f760,2024-03-14,65.480454,1,88.0,Profit,Profit,0
0x4f93fead39b70a1824f981a54d4e55b278e9f760,2024-03-15,338.42832,8,83.0,Profit,Profit,0
0x4f93fead39b70a1824f981a54d4e55b278e9f760,2024-03-16,228.57984,6,81.0,Profit,Profit,0
0x4f93fead39b70a1824f981a54d4e55b278e9f760,2024-03-17,429.683075,14,79.0,Profit,Neutral,0
0x4f93fead39b70a1824f981a54d4e55b278e9f760,2024-03-18,0.0,12,77.0,Neutral,Neutral,0
0x4f93fead39b70a1824f981a54d4e55b278e9f760,2024-03-19,0.0,4,79.0,Neutral,Neutral,0
0x4f93fead39b70a1824f981a54d4e55b278e9f760,2024-03-21,0.0,1,78.0,Neutral,Profit,0
0x4f93fead39b70a1824f981a54d4e55b278e9f760,2024-03-25,1302.916428,7,75.0,Profit,Profit,0
0x4f93fead39b70a1824f981a54d4e55b278e9f760,2024-03-26,20.599193,7,81.0,Profit,Profit,0
0x4f93fead39b70a1824f981a54d4e55b278e9f760,2024-03-27,189.192,27,83.0,Profit,Neutral,0
0x4f93fead39b70a1824f981a54d4e55b278e9f760,2024-03-28,0.0,3,80.0,Neutral,Profit,0
0x4f93fead39b70a1824f981a54d4e55b278e9f760,2024-03-29,883.097404,15,79.0,Profit,Profit,0
0x4f93fead39b70a1824f981a54d4e55b278e9f760,2024-03-31,912.786145,13,75.0,Profit,Neutral,0
0x4f93fead39b70a1824f981a54d4e55b278e9f760,2024-04-01,0.840939,29,79.0,Neutral,Profit,0
0x4f93fead39b70a1824f981a54d4e55b278e9f760,2024-04-02,883.760812,37,79.0,Profit,Neutral,0
0x4f93fead39b70a1824f981a54d4e55b278e9f760,2024-04-04,0.0,32,70.0,Neutral,Profit,0
0x4f93fead39b70a1824f981a54d4e55b278e9f760,2024-04-05,4444.4983010000005,10,79.0,Profit,Profit,0
0x4f93fead39b70a1824f981a54d4e55b278e9f760,2024-04-06,236.33513399999998,16,75.0,Profit,Neutral,0
0x4f93fead39b70a1824f981a54d4e55b278e9f760,2024-04-07,0.0,23,78.0,Neutral,Neutral,0
0x4f93fead39b70a1824f981a54d4e55b278e9f760,2024-04-08,0.0,28,76.0,Neutral,Neutral,0
0x4f93fead39b70a1824f981a54d4e55b278e9f760,2024-04-09,0.0,3,80.0,Neutral,Profit,0
0x4f93fead39b70a1824f981a54d4e55b278e9f760,2024-04-10,5207.443414,41,78.0,Profit,Profit,0
0x4f93fead39b70a1824f981a54d4e55b278e9f760,2024-04-11,389.743164,16,76.0,Profit,Neutral,0
0x4f93fead39b70a1824f981a54d4e55b278e9f760,2024-04-12,0.0,21,79.0,Neutral,Neutral,0
0x4f93fead39b70a1824f981a54d4e55b278e9f760,2024-04-13,0.0,18,72.0,Neutral,Loss,0
0x4f93fead39b70a1824f981a54d4e55b278e9f760,2024-04-14,-36565.98544,64,72.0,Loss,Neutral,0
0x4f93fead39b70a1824f981a54d4e55b278e9f760,2024-04-15,0.0,3,74.0,Neutral,Profit,0
0x4f93fead39b70a1824f981a54d4e55b278e9f760,2024-04-19,1946.4454620000001,35,66.0,Profit,Neutral,0
0x4f93fead39b70a1824f981a54d4e55b278e9f760,2024-04-20,0.0,2,66.0,Neutral,Neutral,0
0x4f93fead39b70a1824f981a54d4e55b278e9f760,2024-04-22,0.0,9,73.0,Neutral,Profit,0
0x4f93fead39b70a1824f981a54d4e55b278e9f760,2024-04-23,759.2148159999999,54,71.0,Profit,Profit,0
0x4f93fead39b70a1824f981a54d4e55b278e9f760,2024-04-24,279.185907,20,72.0,Profit,Neutral,0
0x4f93fead39b70a1824f981a54d4e55b278e9f760,2024-04-25,0.0,6,72.0,Neutral,Profit,0
0x4f93fead39b70a1824f981a54d4e55b278e9f760,2024-04-27,4281.488139,27,67.0,Profit,Neutral,0
0x4f93fead39b70a1824f981a54d4e55b278e9f760,2024-04-28,0.0,8,65.0,Neutral,Profit,0
0x4f93fead39b70a1824f981a54d4e55b278e9f760,2024-04-29,526.9338359999999,31,67.0,Profit,Neutral,0
0x4f93fead39b70a1824f981a54d4e55b278e9f760,2024-04-30,0.0,24,67.0,Neutral,Neutral,0
0x4f93fead39b70a1824f981a54d4e55b278e9f760,2024-05-01,0.0,14,54.0,Neutral,Profit,0
0x4f93fead39b70a1824f981a54d4e55b278e9f760,2024-05-03,5319.861625,23,48.0,Profit,Neutral,0
0x4f93fead39b70a1824f981a54d4e55b278e9f760,2024-05-04,0.0,6,67.0,Neutral,Neutral,0
0x4f93fead39b70a1824f981a54d4e55b278e9f760,2024-05-05,0.0,4,69.0,Neutral,Profit,0
0x4f93fead39b70a1824f981a54d4e55b278e9f760,2024-05-06,968.59038,9,71.0,Profit,Profit,0
0x4f93fead39b70a1824f981a54d4e55b278e9f760,2024-05-07,656.21704,10,68.0,Profit,Neutral,0
0x4f93fead39b70a1824f981a54d4e55b278e9f760,2024-05-08,0.0,10,64.0,Neutral,Profit,0
0x4f93fead39b70a1824f981a54d4e55b278e9f760,2024-05-09,1147.595856,25,55.0,Profit,Profit,0
0x4f93fead39b70a1824f981a54d4e55b278e9f760,2024-05-10,2101.741695,22,66.0,Profit,Profit,0
0x4f93fead39b70a1824f981a54d4e55b278e9f760,2024-05-11,251.604742,9,53.0,Profit,Neutral,0
0x4f93fead39b70a1824f981a54d4e55b278e9f760,2024-05-12,0.0,10,56.0,Neutral,Profit,0
0x4f93fead39b70a1824f981a54d4e55b278e9f760,2024-05-13,2136.853859,25,57.0,Profit,Profit,0
0x4f93fead39b70a1824f981a54d4e55b278e9f760,2024-05-14,1150.5233050000002,23,66.0,Profit,Profit,0
0x4f93fead39b70a1824f981a54d4e55b278e9f760,2024-05-15,948.970582,36,64.0,Profit,Profit,0
0x4f93fead39b70a1824f981a54d4e55b278e9f760,2024-05-16,214.5898,24,70.0,Profit,Profit,0
0x4f93fead39b70a1824f981a54d4e55b278e9f760,2024-05-18,3522.3946610000003,25,73.0,Profit,Neutral,0
0x4f93fead39b70a1824f981a54d4e55b278e9f760,2024-05-19,0.0,8,72.0,Neutral,Neutral,0
0x4f93fead39b70a1824f981a54d4e55b278e9f760,2024-05-20,0.0,7,70.0,Neutral,Profit,0
0x4f93fead39b70a1824f981a54d4e55b278e9f760,2024-05-21,6017.309216,53,76.0,Profit,Neutral,0
0x4f93fead39b70a1824f981a54d4e55b278e9f760,2024-05-22,0.0,6,76.0,Neutral,Profit,0
0x4f93fead39b70a1824f981a54d4e55b278e9f760,2024-06-07,7329.223137999999,52,77.0,Profit,Neutral,0
0x4f93fead39b70a1824f981a54d4e55b278e9f760,2024-06-08,0.0,7,72.0,Neutral,Neutral,0
0x4f93fead39b70a1824f981a54d4e55b278e9f760,2024-06-09,0.0,5,75.0,Neutral,Neutral,0
0x4f93fead39b70a1824f981a54d4e55b278e9f760,2024-06-10,0.0,4,72.0,Neutral,Neutral,0
0x4f93fead39b70a1824f981a54d4e55b278e9f760,2024-06-11,0.0,21,74.0,Neutral,Neutral,0
0x4f93fead39b70a1824f981a54d4e55b278e9f760,2024-06-14,0.0,16,74.0,Neutral,Profit,0
0x4f93fead39b70a1824f981a54d4e55b278e9f760,2024-06-15,2084.433906,38,74.0,Profit,Profit,0
0x4f93fead39b70a1824f981a54d4e55b278e9f760,2024-06-17,1268.7590360000002,14,71.0,Profit,Neutral,0
0x4f93fead39b70a1824f981a54d4e55b278e9f760,2024-06-18,0.0,7,74.0,Neutral,Profit,0
0x4f93fead39b70a1824f981a54d4e55b278e9f760,2024-06-19,2053.973644,17,64.0,Profit,Neutral,0
0x4f93fead39b70a1824f981a54d4e55b278e9f760,2024-06-20,0.0,4,60.0,Neutral,Profit,0
0x4f93fead39b70a1824f981a54d4e55b278e9f760,2024-06-21,773.5582039999999,11,63.0,Profit,Neutral,0
0x4f93fead39b70a1824f981a54d4e55b278e9f760,2024-06-22,0.0,3,53.0,Neutral,Neutral,0
0x4f93fead39b70a1824f981a54d4e55b278e9f760,2024-06-24,0.0,21,51.0,Neutral,Profit,0
0x4f93fead39b70a1824f981a54d4e55b278e9f760,2024-06-26,4197.732182,31,46.0,Profit,Neutral,0
0x4f93fead39b70a1824f981a54d4e55b278e9f760,2024-06-27,0.0,12,40.0,Neutral,Profit,0
0x4f93fead39b70a1824f981a54d4e55b278e9f760,2024-06-29,1842.738325,17,30.0,Profit,Neutral,0
0x4f93fead39b70a1824f981a54d4e55b278e9f760,2024-06-30,0.0,3,47.0,Neutral,Profit,0
0x4f93fead39b70a1824f981a54d4e55b278e9f760,2024-07-01,1202.488212,13,53.0,Profit,Profit,0
0x4f93fead39b70a1824f981a54d4e55b278e9f760,2024-07-03,1118.387284,10,50.0,Profit,Neutral,0
0x4f93fead39b70a1824f981a54d4e55b278e9f760,2024-07-04,0.0,14,44.0,Neutral,Neutral,0
0x4f93fead39b70a1824f981a54d4e55b278e9f760,2024-07-05,0.0,20,29.0,Neutral,Profit,0
0x4f93fead39b70a1824f981a54d4e55b278e9f760,2024-07-10,11595.627026,43,28.0,Profit,Profit,0
0x4f93fead39b70a1824f981a54d4e55b278e9f760,2024-07-11,1876.812082,19,29.0,Profit,Neutral,0
0x4f93fead39b70a1824f981a54d4e55b278e9f760,2024-07-12,0.0,10,25.0,Neutral,Profit,0
0x4f93fead39b70a1824f981a54d4e55b278e9f760,2024-07-13,2678.839374,13,25.0,Profit,Neutral,0
0x4f93fead39b70a1824f981a54d4e55b278e9f760,2024-07-14,0.0,7,33.0,Neutral,Neutral,0
0x4f93fead39b70a1824f981a54d4e55b278e9f760,2024-07-15,0.0,21,52.0,Neutral,Neutral,0
0x4f93fead39b70a1824f981a54d4e55b278e9f760,2024-07-16,0.0,22,65.0,Neutral,Neutral,0
0x4f93fead39b70a1824f981a54d4e55b278e9f760,2024-07-17,0.0,9,69.0,Neutral,Profit,0
0x4f93fead39b70a1824f981a54d4e55b278e9f760,2024-07-18,2569.979964,53,61.0,Profit,Profit,0
0x4f93fead39b70a1824f981a54d4e55b278e9f760,2024-07-19,2120.091364,16,60.0,Profit,Profit,0
0x4f93fead39b70a1824f981a54d4e55b278e9f760,2024-07-20,129.66130099999998,9,74.0,Profit,Neutral,0
0x4f93fead39b70a1824f981a54d4e55b278e9f760,2024-07-21,0.0,3,74.0,Neutral,Profit,0
0x4f93fead39b70a1824f981a54d4e55b278e9f760,2024-07-22,2273.29301,21,70.0,Profit,Neutral,0
0x4f93fead39b70a1824f981a54d4e55b278e9f760,2024-07-23,0.0,2,71.0,Neutral,Neutral,0
0x4f93fead39b70a1824f981a54d4e55b278e9f760,2024-07-24,0.0,21,69.0,Neutral,Neutral,0
0x4f93fead39b70a1824f981a54d4e55b278e9f760,2024-07-25,0.0,65,68.0,Neutral,Neutral,0
0x4f93fead39b70a1824f981a54d4e55b278e9f760,2024-07-26,0.0,10,68.0,Neutral,Profit,0
0x4f93fead39b70a1824f981a54d4e55b278e9f760,2024-07-27,6400.623656,52,72.0,Profit,Neutral,0
0x4f93fead39b70a1824f981a54d4e55b278e9f760,2024-07-28,0.0,3,71.0,Neutral,Neutral,0
0x4f93fead39b70a1824f981a54d4e55b278e9f760,2024-07-30,0.0,6,67.0,Neutral,Neutral,0
0x4f93fead39b70a1824f981a54d4e55b278e9f760,2024-07-31,0.0,3,61.0,Neutral,Neutral,0
0x4f93fead39b70a1824f981a54d4e55b278e9f760,2024-08-01,0.0,13,52.0,Neutral,Neutral,0
0x4f93fead39b70a1824f981a54d4e55b278e9f760,2024-08-02,0.0,36,57.0,Neutral,Neutral,0
0x4f93fead39b70a1824f981a54d4e55b278e9f760,2024-08-03,0.0,13,37.0,Neutral,Loss,0
0x4f93fead39b70a1824f981a54d4e55b278e9f760,2024-08-04,-108604.496278,72,34.0,Loss,Loss,0
0x4f93fead39b70a1824f981a54d4e55b278e9f760,2024-08-05,-4779.219012,17,26.0,Loss,Profit,0
0x4f93fead39b70a1824f981a54d4e55b278e9f760,2024-08-09,11147.900554,12,48.0,Profit,Profit,0
0x4f93fead39b70a1824f981a54d4e55b278e9f760,2024-08-11,847.7766200000001,8,39.0,Profit,Profit,0
0x4f93fead39b70a1824f981a54d4e55b278e9f760,2024-08-12,858.6705000000001,16,25.0,Profit,Neutral,0
0x4f93fead39b70a1824f981a54d4e55b278e9f760,2024-08-13,0.0,5,31.0,Neutral,Profit,0
0x4f93fead39b70a1824f981a54d4e55b278e9f760,2024-08-14,2168.9015130000003,9,30.0,Profit,Neutral,0
0x4f93fead39b70a1824f981a54d4e55b278e9f760,2024-08-16,0.0,2,27.0,Neutral,Profit,0
0x4f93fead39b70a1824f981a54d4e55b278e9f760,2024-08-18,307.201888,14,31.0,Profit,Profit,0
0x4f93fead39b70a1824f981a54d4e55b278e9f760,2024-08-20,192.602844,8,30.0,Profit,Profit,0
0x4f93fead39b70a1824f981a54d4e55b278e9f760,2024-08-23,1005.30527,10,34.0,Profit,Neutral,0
0x4f93fead39b70a1824f981a54d4e55b278e9f760,2024-08-24,0.0,2,56.0,Neutral,Neutral,0
0x4f93fead39b70a1824f981a54d4e55b278e9f760,2024-08-25,0.0,4,54.0,Neutral,Profit,0
0x4f93fead39b70a1824f981a54d4e55b278e9f760,2024-08-26,231.236918,5,55.0,Profit,Neutral,0
0x4f93fead39b70a1824f981a54d4e55b278e9f760,2024-08-27,0.0,7,48.0,Neutral,Neutral,0
0x4f93fead39b70a1824f981a54d4e55b278e9f760,2024-08-28,0.0,7,30.0,Neutral,Neutral,0
0x4f93fead39b70a1824f981a54d4e55b278e9f760,2024-08-30,0.0,3,34.0,Neutral,Neutral,0
0x4f93fead39b70a1824f981a54d4e55b278e9f760,2024-09-02,0.0,2,26.0,Neutral,Neutral,0
0x4f93fead39b70a1824f981a54d4e55b278e9f760,2024-09-04,0.0,1,27.0,Neutral,Neutral,0
0x4f93fead39b70a1824f981a54d4e55b278e9f760,2024-09-06,0.0,4,22.0,Neutral,Profit,0
0x4f93fead39b70a1824f981a54d4e55b278e9f760,2024-09-20,9585.03428,12,54.0,Profit,Neutral,0
0x4f93fead39b70a1824f981a54d4e55b278e9f760,2024-09-22,0.0,3,52.0,Neutral,Profit,0
0x4f93fead39b70a1824f981a54d4e55b278e9f760,2024-09-23,334.760796,2,50.0,Profit,Neutral,0
0x4f93fead39b70a1824f981a54d4e55b278e9f760,2024-09-25,0.0,6,59.0,Neutral,Profit,0
0x4f93fead39b70a1824f981a54d4e55b278e9f760,2024-09-26,439.812513,3,50.0,Profit,Neutral,0
0x4f93fead39b70a1824f981a54d4e55b278e9f760,2024-09-27,0.0,10,61.0,Neutral,Profit,0
0x4f93fead39b70a1824f981a54d4e55b278e9f760,2024-09-30,2710.626288,10,61.0,Profit,Neutral,0
0x4f93fead39b70a1824f981a54d4e55b278e9f760,2024-10-01,0.0,4,50.0,Neutral,Neutral,0
0x4f93fead39b70a1824f981a54d4e55b278e9f760,2024-10-02,0.0,4,42.0,Neutral,Neutral,0
0x4f93fead39b70a1824f981a54d4e55b278e9f760,2024-10-03,0.0,4,37.0,Neutral,Profit,0
0x4f93fead39b70a1824f981a54d4e55b278e9f760,2024-10-05,5767.161892,36,49.0,Profit,Profit,0
0x4f93fead39b70a1824f981a54d4e55b278e9f760,2024-10-06,130.487079,22,50.0,Profit,Neutral,0
0x4f93fead39b70a1824f981a54d4e55b278e9f760,2024-10-07,0.0,21,50.0,Neutral,Profit,0
0x4f93fead39b70a1824f981a54d4e55b278e9f760,2024-10-08,5396.546638,35,49.0,Profit,Profit,0
0x4f93fead39b70a1824f981a54d4e55b278e9f760,2024-10-09,396.06272,14,49.0,Profit,Neutral,0
0x4f93fead39b70a1824f981a54d4e55b278e9f760,2024-10-10,0.0,16,39.0,Neutral,Profit,0
0x4f93fead39b70a1824f981a54d4e55b278e9f760,2024-10-11,8885.327477,25,32.0,Profit,Profit,0
0x4f93fead39b70a1824f981a54d4e55b278e9f760,2024-10-12,541.55471,10,49.0,Profit,Neutral,0
0x4f93fead39b70a1824f981a54d4e55b278e9f760,2024-10-13,0.0,10,50.0,Neutral,Profit,0
0x4f93fead39b70a1824f981a54d4e55b278e9f760,2024-10-14,1913.61958,5,48.0,Profit,Profit,0
0x4f93fead39b70a1824f981a54d4e55b278e9f760,2024-10-15,1170.2260760000001,7,65.0,Profit,Profit,0
0x4f93fead39b70a1824f981a54d4e55b278e9f760,2024-10-16,219.480876,11,73.0,Profit,Profit,0
0x4f93fead39b70a1824f981a54d4e55b278e9f760,2024-10-17,36.11496,8,71.0,Profit,Profit,0
0x4f93fead39b70a1824f981a54d4e55b278e9f760,2024-10-18,333.219141,6,73.0,Profit,Neutral,0
0x4f93fead39b70a1824f981a54d4e55b278e9f760,2024-10-19,0.0,4,72.0,Neutral,Profit,0
0x4f93fead39b70a1824f981a54d4e55b278e9f760,2024-10-20,229.060526,6,73.0,Profit,Neutral,0
0x4f93fead39b70a1824f981a54d4e55b278e9f760,2024-10-21,0.0,11,72.0,Neutral,Neutral,0
0x4f93fead39b70a1824f981a54d4e55b278e9f760,2024-10-22,0.0,3,70.0,Neutral,Loss,0
0x4f93fead39b70a1824f981a54d4e55b278e9f760,2024-10-23,-46.489941,18,71.0,Loss,Profit,0
0x4f93fead39b70a1824f981a54d4e55b278e9f760,2024-10-25,4543.862071,25,72.0,Profit,Profit,0
0x4f93fead39b70a1824f981a54d4e55b278e9f760,2024-10-27,666.6623079999999,4,74.0,Profit,Neutral,0
0x4f93fead39b70a1824f981a54d4e55b278e9f760,2024-10-28,0.0,9,72.0,Neutral,Neutral,0
0x4f93fead39b70a1824f981a54d4e55b278e9f760,2024-10-29,0.0,37,72.0,Neutral,Profit,0
0x4f93fead39b70a1824f981a54d4e55b278e9f760,2024-10-31,765.475192,28,77.0,Profit,Profit,0
0x4f93fead39b70a1824f981a54d4e55b278e9f760,2024-11-01,1040.5747959999999,9,75.0,Profit,Neutral,0
0x4f93fead39b70a1824f981a54d4e55b278e9f760,2024-11-02,0.0,2,72.0,Neutral,Neutral,0
0x4f93fead39b70a1824f981a54d4e55b278e9f760,2024-11-03,0.0,4,74.0,Neutral,Profit,0
0x4f93fead39b70a1824f981a54d4e55b278e9f760,2024-11-04,2259.351364,26,70.0,Profit,Profit,0
0x4f93fead39b70a1824f981a54d4e55b278e9f760,2024-11-05,678.4759280000001,10,70.0,Profit,Profit,0
0x4f93fead39b70a1824f981a54d4e55b278e9f760,2024-11-06,2821.24842,12,70.0,Profit,Profit,0
0x4f93fead39b70a1824f981a54d4e55b278e9f760,2024-11-07,628.96246,2,77.0,Profit,Profit,0
0x4f93fead39b70a1824f981a54d4e55b278e9f760,2024-11-08,646.3734049999999,24,75.0,Profit,Neutral,0
0x4f93fead39b70a1824f981a54d4e55b278e9f760,2024-11-09,0.0,9,75.0,Neutral,Profit,0
0x4f93fead39b70a1824f981a54d4e55b278e9f760,2024-11-10,548.36595,8,78.0,Profit,Profit,0
0x4f93fead39b70a1824f981a54d4e55b278e9f760,2024-11-11,1479.677222,20,76.0,Profit,Profit,0
0x4f93fead39b70a1824f981a54d4e55b278e9f760,2024-11-12,2053.119744,74,80.0,Profit,Profit,0
0x4f93fead39b70a1824f981a54d4e55b278e9f760,2024-11-13,7680.907897,25,84.0,Profit,Profit,0
0x4f93fead39b70a1824f981a54d4e55b278e9f760,2024-11-14,2348.106228,41,88.0,Profit,Profit,0
0x4f93fead39b70a1824f981a54d4e55b278e9f760,2024-11-15,2003.536586,79,80.0,Profit,Profit,0
0x4f93fead39b70a1824f981a54d4e55b278e9f760,2024-11-16,255.14686999999998,12,86.0,Profit,Profit,0
0x4f93fead39b70a1824f981a54d4e55b278e9f760,2024-11-17,546.624374,26,90.0,Profit,Profit,0
0x4f93fead39b70a1824f981a54d4e55b278e9f760,2024-11-18,3158.176614,35,83.0,Profit,Profit,0
0x4f93fead39b70a1824f981a54d4e55b278e9f760,2024-11-19,1573.210981,30,90.0,Profit,Profit,0
0x4f93fead39b70a1824f981a54d4e55b278e9f760,2024-11-20,2259.775633,33,83.0,Profit,Profit,0
0x4f93fead39b70a1824f981a54d4e55b278e9f760,2024-11-21,909.745283,9,82.0,Profit,Profit,0
0x4f93fead39b70a1824f981a54d4e55b278e9f760,2024-11-22,1825.01255,18,94.0,Profit,Neutral,0
0x4f93fead39b70a1824f981a54d4e55b278e9f760,2024-11-23,0.0,9,93.0,Neutral,Profit,0
0x4f93fead39b70a1824f981a54d4e55b278e9f760,2024-11-24,445.338356,33,80.0,Profit,Profit,0
0x4f93fead39b70a1824f981a54d4e55b278e9f760,2024-11-25,5059.459732,30,82.0,Profit,Neutral,0
0x4f93fead39b70a1824f981a54d4e55b278e9f760,2024-11-26,0.0,22,79.0,Neutral,Loss,0
0x4f93fead39b70a1824f981a54d4e55b278e9f760,2024-11-27,-2848.159792,44,75.0,Loss,Profit,0
0x4f93fead39b70a1824f981a54d4e55b278e9f760,2024-11-28,1174.315571,12,77.0,Profit,Profit,0
0x4f93fead39b70a1824f981a54d4e55b278e9f760,2024-11-29,610.52512,7,78.0,Profit,Profit,0
0x4f93fead39b70a1824f981a54d4e55b278e9f760,2024-11-30,850.54514,12,84.0,Profit,Profit,0
0x4f93fead39b70a1824f981a54d4e55b278e9f760,2024-12-01,337.835516,27,81.0,Profit,Profit,0
0x4f93fead39b70a1824f981a54d4e55b278e9f760,2024-12-02,754.7378,17,80.0,Profit,Profit,0
0x4f93fead39b70a1824f981a54d4e55b278e9f760,2024-12-03,1467.1002210000001,9,76.0,Profit,Profit,0
0x4f93fead39b70a1824f981a54d4e55b278e9f760,2024-12-04,291.35271,13,78.0,Profit,Profit,0
0x4f93fead39b70a1824f981a54d4e55b278e9f760,2024-12-05,1435.68724,19,84.0,Profit,Profit,0
0x4f93fead39b70a1824f981a54d4e55b278e9f760,2024-12-06,7206.315268,59,72.0,Profit,Profit,0
0x4f93fead39b70a1824f981a54d4e55b278e9f760,2024-12-07,2342.996384,4,75.0,Profit,Neutral,0
0x4f93fead39b70a1824f981a54d4e55b278e9f760,2024-12-08,0.0,7,79.0,Neutral,Profit,0
0x4f93fead39b70a1824f981a54d4e55b278e9f760,2024-12-09,2350.499742,17,78.0,Profit,Profit,0
0x4f93fead39b70a1824f981a54d4e55b278e9f760,2024-12-10,3986.312514,36,78.0,Profit,Profit,0
0x4f93fead39b70a1824f981a54d4e55b278e9f760,2024-12-11,1083.777057,30,74.0,Profit,Neutral,0
0x4f93fead39b70a1824f981a54d4e55b278e9f760,2024-12-12,0.0,31,83.0,Neutral,Profit,0
0x4f93fead39b70a1824f981a54d4e55b278e9f760,2024-12-13,6790.274613,49,76.0,Profit,Profit,0
0x4f93fead39b70a1824f981a54d4e55b278e9f760,2024-12-14,570.1898180000001,19,83.0,Profit,Profit,0
0x4f93fead39b70a1824f981a54d4e55b278e9f760,2024-12-15,263.914304,21,80.0,Profit,Neutral,0
0x4f93fead39b70a1824f981a54d4e55b278e9f760,2024-12-16,0.0,27,83.0,Neutral,Neutral,0
0x4f93fead39b70a1824f981a54d4e55b278e9f760,2024-12-17,0.0,12,87.0,Neutral,Loss,0
0x4f93fead39b70a1824f981a54d4e55b278e9f760,2024-12-18,-4627.220257,62,81.0,Loss,Profit,0
0x4f93fead39b70a1824f981a54d4e55b278e9f760,2024-12-19,1582.2032900000002,53,75.0,Profit,Neutral,0
0x4f93fead39b70a1824f981a54d4e55b278e9f760,2024-12-20,0.0,6,74.0,Neutral,Profit,0
0x4f93fead39b70a1824f981a54d4e55b278e9f760,2024-12-21,1367.500173,50,73.0,Profit,Neutral,0
0x4f93fead39b70a1824f981a54d4e55b278e9f760,2024-12-22,0.0,3,73.0,Neutral,Neutral,0
0x4f93fead39b70a1824f981a54d4e55b278e9f760,2024-12-23,0.0,16,70.0,Neutral,Profit,0
0x4f93fead39b70a1824f981a54d4e55b278e9f760,2024-12-24,2081.2674110000003,32,73.0,Profit,Neutral,0
0x4f93fead39b70a1824f981a54d4e55b278e9f760,2024-12-25,0.0,3,73.0,Neutral,Profit,0
0x4f93fead39b70a1824f981a54d4e55b278e9f760,2024-12-26,7617.597338,21,79.0,Profit,Neutral,0
0x4f93fead39b70a1824f981a54d4e55b278e9f760,2024-12-27,0.0,18,74.0,Neutral,Profit,0
0x4f93fead39b70a1824f981a54d4e55b278e9f760,2024-12-28,16.972942,6,72.0,Profit,Profit,0
0x4f93fead39b70a1824f981a54d4e55b278e9f760,2024-12-29,390.062046,14,73.0,Profit,Profit,0
0x4f93fead39b70a1824f981a54d4e55b278e9f760,2024-12-30,4235.298688000001,22,65.0,Profit,Profit,0
0x4f93fead39b70a1824f981a54d4e55b278e9f760,2024-12-31,2301.21954,47,64.0,Profit,Neutral,0
0x4f93fead39b70a1824f981a54d4e55b278e9f760,2025-01-01,0.0,1,66.0,Neutral,Profit,0
0x4f93fead39b70a1824f981a54d4e55b278e9f760,2025-01-02,2399.9471460000004,19,70.0,Profit,Profit,0
0x4f93fead39b70a1824f981a54d4e55b278e9f760,2025-01-03,3084.287743,48,74.0,Profit,Neutral,0
0x4f93fead39b70a1824f981a54d4e55b278e9f760,2025-01-04,0.0,14,73.0,Neutral,Profit,0
0x4f93fead39b70a1824f981a54d4e55b278e9f760,2025-01-05,890.33157,19,72.0,Profit,Profit,0
0x4f93fead39b70a1824f981a54d4e55b278e9f760,2025-01-06,3575.442423,32,76.0,Profit,Neutral,0
0x4f93fead39b70a1824f981a54d4e55b278e9f760,2025-01-07,0.0,39,78.0,Neutral,Neutral,0
0x4f93fead39b70a1824f981a54d4e55b278e9f760,2025-01-08,0.0,16,70.0,Neutral,Loss,0
0x4f93fead39b70a1824f981a54d4e55b278e9f760,2025-01-10,-36229.641811,219,50.0,Loss,Profit,0
0x4f93fead39b70a1824f981a54d4e55b278e9f760,2025-01-11,1559.841529,76,69.0,Profit,Profit,0
0x4f93fead39b70a1824f981a54d4e55b278e9f760,2025-01-12,736.621517,75,62.0,Profit,Profit,0
0x4f93fead39b70a1824f981a54d4e55b278e9f760,2025-01-13,1756.982034,97,61.0,Profit,Profit,0
0x4f93fead39b70a1824f981a54d4e55b278e9f760,2025-01-14,1878.804638,42,63.0,Profit,Profit,0
0x4f93fead39b70a1824f981a54d4e55b278e9f760,2025-01-15,7470.003118,73,70.0,Profit,Profit,0
0x4f93fead39b70a1824f981a54d4e55b278e9f760,2025-01-16,5170.4237570000005,100,75.0,Profit,Profit,0
0x4f93fead39b70a1824f981a54d4e55b278e9f760,2025-01-17,811.1445319999999,21,75.0,Profit,Profit,0
0x4f93fead39b70a1824f981a54d4e55b278e9f760,2025-01-18,4078.848863,58,77.0,Profit,Profit,0
0x4f93fead39b70a1824f981a54d4e55b278e9f760,2025-01-19,3253.260003,88,77.0,Profit,Profit,0
0x4f93fead39b70a1824f981a54d4e55b278e9f760,2025-01-20,7466.841136,194,76.0,Profit,Profit,0
0x4f93fead39b70a1824f981a54d4e55b278e9f760,2025-01-21,2953.3108039999997,92,76.0,Profit,Profit,0
0x4f93fead39b70a1824f981a54d4e55b278e9f760,2025-01-22,2971.896355,61,84.0,Profit,Profit,0
0x4f93fead39b70a1824f981a54d4e55b278e9f760,2025-01-23,6749.1349199999995,82,75.0,Profit,Profit,0
0x4f93fead39b70a1824f981a54d4e55b278e9f760,2025-01-24,1707.06994,42,75.0,Profit,Profit,0
0x4f93fead39b70a1824f981a54d4e55b278e9f760,2025-01-25,446.44485399999996,18,75.0,Profit,Neutral,0
0x4f93fead39b70a1824f981a54d4e55b278e9f760,2025-01-27,0.0,15,71.0,Neutral,Profit,0
0x4f93fead39b70a1824f981a54d4e55b278e9f760,2025-01-30,3278.847724,75,70.0,Profit,Profit,0
0x4f93fead39b70a1824f981a54d4e55b278e9f760,2025-01-31,975.654751,59,76.0,Profit,Neutral,0
0x4f93fead39b70a1824f981a54d4e55b278e9f760,2025-02-01,0.0,4,68.0,Neutral,Neutral,0
0x4f93fead39b70a1824f981a54d4e55b278e9f760,2025-02-02,0.0,30,60.0,Neutral,Profit,0
0x4f93fead39b70a1824f981a54d4e55b278e9f760,2025-02-04,6403.5061239999995,9,72.0,Profit,Neutral,0
0x4f93fead39b70a1824f981a54d4e55b278e9f760,2025-02-05,0.0,9,54.0,Neutral,Profit,0
0x4f93fead39b70a1824f981a54d4e55b278e9f760,2025-02-06,440.753133,10,49.0,Profit,Profit,0
0x4f93fead39b70a1824f981a54d4e55b278e9f760,2025-02-07,3691.30885,27,44.0,Profit,Neutral,0
0x4f93fead39b70a1824f981a54d4e55b278e9f760,2025-02-08,0.0,8,44.0,Neutral,Profit,0
0x4f93fead39b70a1824f981a54d4e55b278e9f760,2025-02-09,866.203569,3,46.0,Profit,Profit,0
0x4f93fead39b70a1824f981a54d4e55b278e9f760,2025-02-10,2069.55836,84,43.0,Profit,Profit,0
0x4f93fead39b70a1824f981a54d4e55b278e9f760,2025-02-11,1353.604398,56,47.0,Profit,Profit,0
0x4f93fead39b70a1824f981a54d4e55b278e9f760,2025-02-12,5212.729861,84,46.0,Profit,Profit,0
0x4f93fead39b70a1824f981a54d4e55b278e9f760,2025-02-13,2205.413149,23,50.0,Profit,Profit,0
0x4f93fead39b70a1824f981a54d4e55b278e9f760,2025-02-14,2678.115601,58,48.0,Profit,Profit,0
0x4f93fead39b70a1824f981a54d4e55b278e9f760,2025-02-15,3884.0032459999998,21,50.0,Profit,Profit,0
0x4f93fead39b70a1824f981a54d4e55b278e9f760,2025-02-16,314.96786,25,54.0,Profit,Profit,0
0x4f93fead39b70a1824f981a54d4e55b278e9f760,2025-02-17,1204.110761,42,51.0,Profit,Profit,0
0x4f93fead39b70a1824f981a54d4e55b278e9f760,2025-02-18,1670.219701,44,47.0,Profit,Profit,0
0x4f93fead39b70a1824f981a54d4e55b278e9f760,2025-02-19,3512.2119079999998,58,44.0,Profit,Profit,0
0x4f93fead39b70a1824f981a54d4e55b278e9f760,2025-02-20,1829.292797,90,49.0,Profit,Profit,0
0x4f93fead39b70a1824f981a54d4e55b278e9f760,2025-02-21,5993.575314,76,55.0,Profit,Profit,0
0x4f93fead39b70a1824f981a54d4e55b278e9f760,2025-02-22,1287.143384,91,49.0,Profit,Profit,0
0x4f93fead39b70a1824f981a54d4e55b278e9f760,2025-02-23,109.68322,31,50.0,Profit,Profit,0
0x4f93fead39b70a1824f981a54d4e55b278e9f760,2025-02-24,1925.839355,17,49.0,Profit,Neutral,0
0x4f93fead39b70a1824f981a54d4e55b278e9f760,2025-02-25,0.0,51,25.0,Neutral,Profit,0
0x4f93fead39b70a1824f981a54d4e55b278e9f760,2025-03-02,11005.991600000001,26,26.0,Profit,Profit,0
0x4f93fead39b70a1824f981a54d4e55b278e9f760,2025-03-03,1136.272279,12,33.0,Profit,Profit,0
0x4f93fead39b70a1824f981a54d4e55b278e9f760,2025-03-04,8002.939313,59,15.0,Profit,Profit,0
0x4f93fead39b70a1824f981a54d4e55b278e9f760,2025-03-05,2741.101375,54,20.0,Profit,Profit,0
0x4f93fead39b70a1824f981a54d4e55b278e9f760,2025-03-06,3069.196282,37,25.0,Profit,Profit,0
0x4f93fead39b70a1824f981a54d4e55b278e9f760,2025-03-07,3273.5394420000002,22,34.0,Profit,Neutral,0
0x4f93fead39b70a1824f981a54d4e55b278e9f760,2025-03-08,0.0,17,28.0,Neutral,Neutral,0
0x4f93fead39b70a1824f981a54d4e55b278e9f760,2025-03-09,0.0,11,27.0,Neutral,Profit,0
0x4f93fead39b70a1824f981a54d4e55b278e9f760,2025-03-10,14133.265684,103,20.0,Profit,Profit,0
0x4f93fead39b70a1824f981a54d4e55b278e9f760,2025-03-11,2479.265806,33,24.0,Profit,Neutral,0
0x4f93fead39b70a1824f981a54d4e55b278e9f760,2025-03-12,0.0,10,34.0,Neutral,Profit,0
0x4f93fead39b70a1824f981a54d4e55b278e9f760,2025-03-13,5770.595066,22,45.0,Profit,Profit,0
0x4f93fead39b70a1824f981a54d4e55b278e9f760,2025-03-14,11039.384571,25,27.0,Profit,Profit,0
0x4f93fead39b70a1824f981a54d4e55b278e9f760,2025-03-15,575.945518,8,46.0,Profit,Profit,0
0x4f93fead39b70a1824f981a54d4e55b278e9f760,2025-03-16,144.99309,6,30.0,Profit,Profit,0
0x4f93fead39b70a1824f981a54d4e55b278e9f760,2025-03-17,2220.589556,11,32.0,Profit,Profit,0
0x4f93fead39b70a1824f981a54d4e55b278e9f760,2025-03-18,362.477712,44,34.0,Profit,Profit,0
0x4f93fead39b70a1824f981a54d4e55b278e9f760,2025-03-19,1438.717656,29,32.0,Profit,Neutral,0
0x4f93fead39b70a1824f981a54d4e55b278e9f760,2025-03-20,0.0,8,49.0,Neutral,Neutral,0
0x4f93fead39b70a1824f981a54d4e55b278e9f760,2025-03-21,0.0,6,31.0,Neutral,Profit,0
0x4f93fead39b70a1824f981a54d4e55b278e9f760,2025-03-22,58.007635,24,32.0,Profit,Profit,0
0x4f93fead39b70a1824f981a54d4e55b278e9f760,2025-03-23,134.82844,10,30.0,Profit,Neutral,0
0x4f93fead39b70a1824f981a54d4e55b278e9f760,2025-03-24,0.0,14,45.0,Neutral,Profit,0
0x4f93fead39b70a1824f981a54d4e55b278e9f760,2025-03-25,217.47456799999998,9,46.0,Profit,Profit,0
0x4f93fead39b70a1824f981a54d4e55b278e9f760,2025-03-26,980.433384,10,47.0,Profit,Profit,0
0x4f93fead39b70a1824f981a54d4e55b278e9f760,2025-03-27,4329.319769,40,40.0,Profit,Neutral,0
0x4f93fead39b70a1824f981a54d4e55b278e9f760,2025-03-28,0.0,10,44.0,Neutral,Neutral,0
0x4f93fead39b70a1824f981a54d4e55b278e9f760,2025-03-29,0.0,8,26.0,Neutral,Profit,0
0x4f93fead39b70a1824f981a54d4e55b278e9f760,2025-03-31,2112.5276,40,34.0,Profit,Profit,0
0x4f93fead39b70a1824f981a54d4e55b278e9f760,2025-04-01,1402.082488,20,34.0,Profit,Neutral,0
0x4f93fead39b70a1824f981a54d4e55b278e9f760,2025-04-02,0.0,1,44.0,Neutral,Neutral,0
0x4f93fead39b70a1824f981a54d4e55b278e9f760,2025-04-03,0.0,9,25.0,Neutral,Profit,0
0x4f93fead39b70a1824f981a54d4e55b278e9f760,2025-04-04,4591.427138999999,21,28.0,Profit,Neutral,0
0x4f93fead39b70a1824f981a54d4e55b278e9f760,2025-04-06,0.0,7,34.0,Neutral,Neutral,0
0x4f93fead39b70a1824f981a54d4e55b278e9f760,2025-04-07,0.0,45,23.0,Neutral,Profit,0
0x4f93fead39b70a1824f981a54d4e55b278e9f760,2025-04-08,21114.136771999998,28,24.0,Profit,Profit,0
0x4f93fead39b70a1824f981a54d4e55b278e9f760,2025-04-09,25875.837656,45,18.0,Profit,Neutral,0
0x4f93fead39b70a1824f981a54d4e55b278e9f760,2025-04-10,0.0,9,39.0,Neutral,Profit,0
0x4f93fead39b70a1824f981a54d4e55b278e9f760,2025-04-11,3188.3381949999994,3,25.0,Profit,Profit,0
0x4f93fead39b70a1824f981a54d4e55b278e9f760,2025-04-13,253.67505,8,45.0,Profit,Profit,0
0x4f93fead39b70a1824f981a54d4e55b278e9f760,2025-04-14,322.73095,27,31.0,Profit,Neutral,0
0x4f93fead39b70a1824f981a54d4e55b278e9f760,2025-04-16,0.0,4,29.0,Neutral,Profit,0
0x4f93fead39b70a1824f981a54d4e55b278e9f760,2025-04-17,1713.120195,9,30.0,Profit,Neutral,0
0x4f93fead39b70a1824f981a54d4e55b278e9f760,2025-04-18,0.0,4,33.0,Neutral,Profit,0
0x4f93fead39b70a1824f981a54d4e55b278e9f760,2025-04-19,721.976596,18,32.0,Profit,Neutral,0
0x4f93fead39b70a1824f981a54d4e55b278e9f760,2025-04-20,0.0,8,37.0,Neutral,Profit,0
0x4f93fead39b70a1824f981a54d4e55b278e9f760,2025-04-21,459.153994,9,39.0,Profit,Neutral,0
0x4f93fead39b70a1824f981a54d4e55b278e9f760,2025-04-24,0.0,4,63.0,Neutral,Neutral,0
0x4f93fead39b70a1824f981a54d4e55b278e9f760,2025-04-25,0.0,16,60.0,Neutral,Profit,0
0x4f93fead39b70a1824f981a54d4e55b278e9f760,2025-04-30,5286.100993,36,56.0,Profit,Profit,0
0x513b8629fe877bb581bf244e326a047b249c4ff1,2024-12-09,0.0,42,78.0,Neutral,Neutral,0
0x513b8629fe877bb581bf244e326a047b249c4ff1,2024-12-12,0.0,89,83.0,Neutral,Neutral,0
0x513b8629fe877bb581bf244e326a047b249c4ff1,2024-12-15,0.0,28,80.0,Neutral,Neutral,0
0x513b8629fe877bb581bf244e326a047b249c4ff1,2024-12-19,0.0,64,75.0,Neutral,Profit,0
0x513b8629fe877bb581bf244e326a047b249c4ff1,2025-02-14,194499.072534,464,48.0,Profit,Neutral,0
0x513b8629fe877bb581bf244e326a047b249c4ff1,2025-02-17,0.0,292,51.0,Neutral,Neutral,0
0x513b8629fe877bb581bf244e326a047b249c4ff1,2025-03-17,0.0,35,32.0,Neutral,Profit,0
0x513b8629fe877bb581bf244e326a047b249c4ff1,2025-03-18,5429.87424,6,34.0,Profit,Profit,0
0x513b8629fe877bb581bf244e326a047b249c4ff1,2025-03-19,13272.411278,133,32.0,Profit,Profit,0
0x513b8629fe877bb581bf244e326a047b249c4ff1,2025-03-20,3865.013572,75,49.0,Profit,Neutral,0
0x513b8629fe877bb581bf244e326a047b249c4ff1,2025-03-27,0.0,77,40.0,Neutral,Profit,0
0x513b8629fe877bb581bf244e326a047b249c4ff1,2025-03-28,1470.407794,84,44.0,Profit,Neutral,0
0x513b8629fe877bb581bf244e326a047b249c4ff1,2025-04-01,0.0,13,34.0,Neutral,Neutral,0
0x513b8629fe877bb581bf244e326a047b249c4ff1,2025-04-03,0.0,49,25.0,Neutral,Neutral,0
0x513b8629fe877bb581bf244e326a047b249c4ff1,2025-04-05,0.0,34,30.0,Neutral,Loss,0
0x513b8629fe877bb581bf244e326a047b249c4ff1,2025-04-07,-37999.868086,76,23.0,Loss,Profit,0
0x513b8629fe877bb581bf244e326a047b249c4ff1,2025-04-08,3131.840108,148,24.0,Profit,Loss,0
0x513b8629fe877bb581bf244e326a047b249c4ff1,2025-04-09,-36253.792726,122,18.0,Loss,Profit,0
0x513b8629fe877bb581bf244e326a047b249c4ff1,2025-04-10,22908.117384,337,39.0,Profit,Neutral,0
0x513b8629fe877bb581bf244e326a047b249c4ff1,2025-04-11,0.0,65,25.0,Neutral,Profit,0
0x513b8629fe877bb581bf244e326a047b249c4ff1,2025-04-12,88152.006818,1251,43.0,Profit,Profit,0
0x513b8629fe877bb581bf244e326a047b249c4ff1,2025-04-13,11239.437228,285,45.0,Profit,Profit,0
0x513b8629fe877bb581bf244e326a047b249c4ff1,2025-04-14,7922.167264999999,230,31.0,Profit,Profit,0
0x513b8629fe877bb581bf244e326a047b249c4ff1,2025-04-15,40966.673478000004,731,38.0,Profit,Profit,0
0x513b8629fe877bb581bf244e326a047b249c4ff1,2025-04-16,41498.141783,886,29.0,Profit,Neutral,0
0x513b8629fe877bb581bf244e326a047b249c4ff1,2025-04-17,0.0,5,30.0,Neutral,Profit,0
0x513b8629fe877bb581bf244e326a047b249c4ff1,2025-04-18,43400.145539,379,33.0,Profit,Profit,0
0x513b8629fe877bb581bf244e326a047b249c4ff1,2025-04-19,62373.791703999996,637,32.0,Profit,Neutral,0
0x513b8629fe877bb581bf244e326a047b249c4ff1,2025-04-20,0.0,160,37.0,Neutral,Profit,0
0x513b8629fe877bb581bf244e326a047b249c4ff1,2025-04-21,39772.479641,869,39.0,Profit,Profit,0
0x513b8629fe877bb581bf244e326a047b249c4ff1,2025-04-22,73209.060448,418,47.0,Profit,Profit,0
0x513b8629fe877bb581bf244e326a047b249c4ff1,2025-04-23,1656.211757,211,72.0,Profit,Profit,0
0x513b8629fe877bb581bf244e326a047b249c4ff1,2025-04-24,35332.403093,672,63.0,Profit,Profit,0
0x513b8629fe877bb581bf244e326a047b249c4ff1,2025-04-25,8410.75479,499,60.0,Profit,Neutral,0
0x513b8629fe877bb581bf244e326a047b249c4ff1,2025-04-26,0.0,314,65.0,Neutral,Profit,0
0x513b8629fe877bb581bf244e326a047b249c4ff1,2025-04-28,37973.605394,654,54.0,Profit,Profit,0
0x513b8629fe877bb581bf244e326a047b249c4ff1,2025-04-29,117648.295306,992,60.0,Profit,Neutral,0
0x513b8629fe877bb581bf244e326a047b249c4ff1,2025-04-30,0.0,481,56.0,Neutral,Profit,0
0x6d6a4b953f202f8df5bed40692e7fd865318264a,2024-12-11,698.009722,8,74.0,Profit,Profit,1
0x6d6a4b953f202f8df5bed40692e7fd865318264a,2024-12-12,362.84131,4,83.0,Profit,Profit,1
0x6d6a4b953f202f8df5bed40692e7fd865318264a,2024-12-14,39057.10912,80,83.0,Profit,Profit,1
0x6d6a4b953f202f8df5bed40692e7fd865318264a,2024-12-15,18879.21027,15,80.0,Profit,Profit,1
0x6d6a4b953f202f8df5bed40692e7fd865318264a,2024-12-16,12648.870412,47,83.0,Profit,Profit,1
0x6d6a4b953f202f8df5bed40692e7fd865318264a,2024-12-17,2244.04603,7,87.0,Profit,Profit,1
0x6d6a4b953f202f8df5bed40692e7fd865318264a,2024-12-21,27649.187167,89,73.0,Profit,Neutral,1
0x6d6a4b953f202f8df5bed40692e7fd865318264a,2025-01-11,0.0,33,69.0,Neutral,Neutral,1
0x6d6a4b953f202f8df5bed40692e7fd865318264a,2025-01-12,0.0,12,62.0,Neutral,Neutral,1
0x6d6a4b953f202f8df5bed40692e7fd865318264a,2025-01-13,0.0,23,61.0,Neutral,Neutral,1
0x6d6a4b953f202f8df5bed40692e7fd865318264a,2025-01-19,0.0,12,77.0,Neutral,Neutral,1
0x6d6a4b953f202f8df5bed40692e7fd865318264a,2025-01-20,0.0,3,76.0,Neutral,Neutral,1
0x6d6a4b953f202f8df5bed40692e7fd865318264a,2025-01-23,0.0,3,75.0,Neutral,Neutral,1
0x6d6a4b953f202f8df5bed40692e7fd865318264a,2025-01-27,0.0,11,71.0,Neutral,Profit,1
0x6d6a4b953f202f8df5bed40692e7fd865318264a,2025-01-30,1643.602279,8,70.0,Profit,Neutral,1
0x6d6a4b953f202f8df5bed40692e7fd865318264a,2025-02-01,0.0,5,68.0,Neutral,Profit,1
0x6d6a4b953f202f8df5bed40692e7fd865318264a,2025-02-14,844.8168900000001,21,48.0,Profit,Neutral,1
0x6d6a4b953f202f8df5bed40692e7fd865318264a,2025-02-15,0.0,11,50.0,Neutral,Profit,1
0x6d6a4b953f202f8df5bed40692e7fd865318264a,2025-03-26,413.304033,18,47.0,Profit,Profit,1
0x6d6a4b953f202f8df5bed40692e7fd865318264a,2025-03-27,154.257092,23,40.0,Profit,Neutral,1
0x6d6a4b953f202f8df5bed40692e7fd865318264a,2025-03-28,0.0,12,44.0,Neutral,Neutral,1
0x6d6a4b953f202f8df5bed40692e7fd865318264a,2025-03-29,0.0,7,26.0,Neutral,Neutral,1
0x6d6a4b953f202f8df5bed40692e7fd865318264a,2025-03-30,3.492534,6,32.0,Neutral,Neutral,1
0x6d6a4b953f202f8df5bed40692e7fd865318264a,2025-03-31,0.0,1,34.0,Neutral,Profit,1
0x6d6a4b953f202f8df5bed40692e7fd865318264a,2025-04-01,132.71954399999998,14,34.0,Profit,Profit,1
0x6d6a4b953f202f8df5bed40692e7fd865318264a,2025-04-02,234.497751,34,44.0,Profit,Profit,1
0x6d6a4b953f202f8df5bed40692e7fd865318264a,2025-04-03,298.031364,20,25.0,Profit,Profit,1
0x6d6a4b953f202f8df5bed40692e7fd865318264a,2025-04-04,392.35488599999996,60,28.0,Profit,Profit,1
0x6d6a4b953f202f8df5bed40692e7fd865318264a,2025-04-05,41.479757,17,30.0,Profit,Profit,1
0x6d6a4b953f202f8df5bed40692e7fd865318264a,2025-04-06,207.98348199999998,22,34.0,Profit,Profit,1
0x6d6a4b953f202f8df5bed40692e7fd865318264a,2025-04-07,232.000726,51,23.0,Profit,Profit,1
0x6d6a4b953f202f8df5bed40692e7fd865318264a,2025-04-08,409.437344,32,24.0,Profit,Profit,1
0x6d6a4b953f202f8df5bed40692e7fd865318264a,2025-04-09,1395.820542,60,18.0,Profit,Profit,1
0x6d6a4b953f202f8df5bed40692e7fd865318264a,2025-04-10,463.813132,18,39.0,Profit,Profit,1
0x6d6a4b953f202f8df5bed40692e7fd865318264a,2025-04-11,56.216535,5,25.0,Profit,Loss,1
0x6d6a4b953f202f8df5bed40692e7fd865318264a,2025-04-12,-89.1781,12,43.0,Loss,Neutral,1
0x6d6a4b953f202f8df5bed40692e7fd865318264a,2025-04-13,0.0,1,45.0,Neutral,Profit,1
0x6d6a4b953f202f8df5bed40692e7fd865318264a,2025-04-14,73.7414,5,31.0,Profit,Neutral,1
0x6d6a4b953f202f8df5bed40692e7fd865318264a,2025-04-15,0.0,8,38.0,Neutral,Profit,1
0x6d6a4b953f202f8df5bed40692e7fd865318264a,2025-04-16,70.94968,4,29.0,Profit,Neutral,1
0x6d6a4b953f202f8df5bed40692e7fd865318264a,2025-04-19,0.0,85,32.0,Neutral,Neutral,1
0x6d6a4b953f202f8df5bed40692e7fd865318264a,2025-04-21,0.0,6,39.0,Neutral,Neutral,1
0x6d6a4b953f202f8df5bed40692e7fd865318264a,2025-04-22,0.0,10,47.0,Neutral,Neutral,1
0x6d6a4b953f202f8df5bed40692e7fd865318264a,2025-04-23,0.0,18,72.0,Neutral,Profit,1
0x6d6a4b953f202f8df5bed40692e7fd865318264a,2025-04-24,168.69881,20,63.0,Profit,Neutral,1
0x6d6a4b953f202f8df5bed40692e7fd865318264a,2025-04-25,0.0,7,60.0,Neutral,Profit,1
0x72743ae2822edd658c0c50608fd7c5c501b2afbd,2024-12-17,0.0,98,87.0,Neutral,Profit,1
0x72743ae2822edd658c0c50608fd7c5c501b2afbd,2024-12-22,327545.999992,104,73.0,Profit,Neutral,1
0x72743ae2822edd658c0c50608fd7c5c501b2afbd,2025-01-04,0.0,141,73.0,Neutral,Profit,1
0x72743ae2822edd658c0c50608fd7c5c501b2afbd,2025-01-08,122050.866984,48,70.0,Profit,Neutral,1
0x72743ae2822edd658c0c50608fd7c5c501b2afbd,2025-02-28,0.0,77,16.0,Neutral,Neutral,1
0x72743ae2822edd658c0c50608fd7c5c501b2afbd,2025-03-08,0.0,15,28.0,Neutral,Neutral,1
0x72743ae2822edd658c0c50608fd7c5c501b2afbd,2025-03-09,0.0,90,27.0,Neutral,Neutral,1
0x72743ae2822edd658c0c50608fd7c5c501b2afbd,2025-04-08,0.0,77,24.0,Neutral,Profit,1
0x72743ae2822edd658c0c50608fd7c5c501b2afbd,2025-04-09,33980.0,355,18.0,Profit,Neutral,1
0x72743ae2822edd658c0c50608fd7c5c501b2afbd,2025-04-10,0.0,8,39.0,Neutral,Neutral,1
0x72743ae2822edd658c0c50608fd7c5c501b2afbd,2025-04-11,0.0,3,25.0,Neutral,Loss,1
0x72743ae2822edd658c0c50608fd7c5c501b2afbd,2025-04-16,-14838.4,53,29.0,Loss,Loss,1
0x72743ae2822edd658c0c50608fd7c5c501b2afbd,2025-04-18,-42923.271911,65,33.0,Loss,Neutral,1
0x72743ae2822edd658c0c50608fd7c5c501b2afbd,2025-04-19,0.0,39,32.0,Neutral,Loss,1
0x72743ae2822edd658c0c50608fd7c5c501b2afbd,2025-04-20,-458.08035,38,37.0,Loss,Neutral,1
0x72743ae2822edd658c0c50608fd7c5c501b2afbd,2025-04-22,0.0,79,47.0,Neutral,Profit,1
0x72743ae2822edd658c0c50608fd7c5c501b2afbd,2025-04-23,10148.4512,167,72.0,Profit,Loss,1
0x72743ae2822edd658c0c50608fd7c5c501b2afbd,2025-04-24,-3500.0,111,63.0,Loss,Loss,1
0x72c6a4624e1dffa724e6d00d64ceae698af892a0,2024-09-20,0.0,4,54.0,Neutral,Neutral,2
0x72c6a4624e1dffa724e6d00d64ceae698af892a0,2024-09-24,0.0,1,54.0,Neutral,Neutral,2
0x72c6a4624e1dffa724e6d00d64ceae698af892a0,2024-09-25,0.0,3,59.0,Neutral,Neutral,2
0x72c6a4624e1dffa724e6d00d64ceae698af892a0,2024-09-26,0.0,5,50.0,Neutral,Neutral,2
0x72c6a4624e1dffa724e6d00d64ceae698af892a0,2024-09-27,0.0,46,61.0,Neutral,Neutral,2
0x72c6a4624e1dffa724e6d00d64ceae698af892a0,2024-09-28,0.0,4,64.0,Neutral,Neutral,2
0x72c6a4624e1dffa724e6d00d64ceae698af892a0,2024-09-30,0.0,96,61.0,Neutral,Profit,2
0x72c6a4624e1dffa724e6d00d64ceae698af892a0,2024-10-25,8692.0,5,72.0,Profit,Profit,2
0x72c6a4624e1dffa724e6d00d64ceae698af892a0,2024-11-29,573.585288,1,78.0,Profit,Neutral,2
0x72c6a4624e1dffa724e6d00d64ceae698af892a0,2024-12-12,0.0,17,83.0,Neutral,Neutral,2
0x72c6a4624e1dffa724e6d00d64ceae698af892a0,2024-12-13,0.0,30,76.0,Neutral,Neutral,2
0x72c6a4624e1dffa724e6d00d64ceae698af892a0,2024-12-14,0.0,43,83.0,Neutral,Neutral,2
0x72c6a4624e1dffa724e6d00d64ceae698af892a0,2024-12-15,0.0,8,80.0,Neutral,Neutral,2
0x72c6a4624e1dffa724e6d00d64ceae698af892a0,2024-12-16,0.0,41,83.0,Neutral,Neutral,2
0x72c6a4624e1dffa724e6d00d64ceae698af892a0,2024-12-17,0.0,14,87.0,Neutral,Neutral,2
0x72c6a4624e1dffa724e6d00d64ceae698af892a0,2024-12-18,0.0,31,81.0,Neutral,Neutral,2
0x72c6a4624e1dffa724e6d00d64ceae698af892a0,2024-12-19,0.0,1,75.0,Neutral,Neutral,2
0x72c6a4624e1dffa724e6d00d64ceae698af892a0,2024-12-20,0.0,28,74.0,Neutral,Neutral,2
0x72c6a4624e1dffa724e6d00d64ceae698af892a0,2024-12-23,0.0,35,70.0,Neutral,Neutral,2
0x72c6a4624e1dffa724e6d00d64ceae698af892a0,2024-12-25,0.0,1,73.0,Neutral,Neutral,2
0x72c6a4624e1dffa724e6d00d64ceae698af892a0,2024-12-27,0.0,6,74.0,Neutral,Neutral,2
0x72c6a4624e1dffa724e6d00d64ceae698af892a0,2024-12-28,0.0,34,72.0,Neutral,Neutral,2
0x72c6a4624e1dffa724e6d00d64ceae698af892a0,2024-12-29,0.0,14,73.0,Neutral,Neutral,2
0x72c6a4624e1dffa724e6d00d64ceae698af892a0,2024-12-30,0.0,15,65.0,Neutral,Neutral,2
0x72c6a4624e1dffa724e6d00d64ceae698af892a0,2025-01-02,0.0,3,70.0,Neutral,Neutral,2
0x72c6a4624e1dffa724e6d00d64ceae698af892a0,2025-01-03,0.0,6,74.0,Neutral,Neutral,2
0x72c6a4624e1dffa724e6d00d64ceae698af892a0,2025-01-04,0.0,1,73.0,Neutral,Neutral,2
0x72c6a4624e1dffa724e6d00d64ceae698af892a0,2025-01-05,0.0,8,72.0,Neutral,Neutral,2
0x72c6a4624e1dffa724e6d00d64ceae698af892a0,2025-01-06,0.0,25,76.0,Neutral,Profit,2
0x72c6a4624e1dffa724e6d00d64ceae698af892a0,2025-01-09,10647.977,1,69.0,Profit,Neutral,2
0x72c6a4624e1dffa724e6d00d64ceae698af892a0,2025-01-24,0.0,2,75.0,Neutral,Neutral,2
0x72c6a4624e1dffa724e6d00d64ceae698af892a0,2025-01-25,0.0,14,75.0,Neutral,Profit,2
0x72c6a4624e1dffa724e6d00d64ceae698af892a0,2025-01-26,262.95,55,73.0,Profit,Neutral,2
0x72c6a4624e1dffa724e6d00d64ceae698af892a0,2025-01-27,0.0,1,71.0,Neutral,Profit,2
0x72c6a4624e1dffa724e6d00d64ceae698af892a0,2025-01-28,1474.79,70,72.0,Profit,Neutral,2
0x72c6a4624e1dffa724e6d00d64ceae698af892a0,2025-02-02,0.0,37,60.0,Neutral,Neutral,2
0x72c6a4624e1dffa724e6d00d64ceae698af892a0,2025-02-04,0.0,1,72.0,Neutral,Neutral,2
0x72c6a4624e1dffa724e6d00d64ceae698af892a0,2025-02-07,0.0,54,44.0,Neutral,Neutral,2
0x72c6a4624e1dffa724e6d00d64ceae698af892a0,2025-02-10,0.0,24,43.0,Neutral,Neutral,2
0x72c6a4624e1dffa724e6d00d64ceae698af892a0,2025-02-14,0.0,5,48.0,Neutral,Neutral,2
0x72c6a4624e1dffa724e6d00d64ceae698af892a0,2025-02-15,0.0,7,50.0,Neutral,Neutral,2
0x72c6a4624e1dffa724e6d00d64ceae698af892a0,2025-02-16,0.0,6,54.0,Neutral,Neutral,2
0x72c6a4624e1dffa724e6d00d64ceae698af892a0,2025-02-18,0.0,9,47.0,Neutral,Neutral,2
0x72c6a4624e1dffa724e6d00d64ceae698af892a0,2025-02-21,0.0,18,55.0,Neutral,Neutral,2
0x72c6a4624e1dffa724e6d00d64ceae698af892a0,2025-02-22,0.0,14,49.0,Neutral,Profit,2
0x72c6a4624e1dffa724e6d00d64ceae698af892a0,2025-02-25,81776.7151,137,25.0,Profit,Profit,2
0x72c6a4624e1dffa724e6d00d64ceae698af892a0,2025-02-26,8230.0,1,21.0,Profit,Profit,2
0x72c6a4624e1dffa724e6d00d64ceae698af892a0,2025-02-27,8517.7655,13,10.0,Profit,Profit,2
0x72c6a4624e1dffa724e6d00d64ceae698af892a0,2025-02-28,15700.5,3,16.0,Profit,Neutral,2
0x72c6a4624e1dffa724e6d00d64ceae698af892a0,2025-03-01,0.0,14,20.0,Neutral,Profit,2
0x72c6a4624e1dffa724e6d00d64ceae698af892a0,2025-03-02,10915.212,25,26.0,Profit,Profit,2
0x72c6a4624e1dffa724e6d00d64ceae698af892a0,2025-03-03,17247.427499999998,16,33.0,Profit,Profit,2
0x72c6a4624e1dffa724e6d00d64ceae698af892a0,2025-03-04,169132.29611,155,15.0,Profit,Neutral,2
0x72c6a4624e1dffa724e6d00d64ceae698af892a0,2025-03-07,0.0,10,34.0,Neutral,Neutral,2
0x72c6a4624e1dffa724e6d00d64ceae698af892a0,2025-03-08,0.0,7,28.0,Neutral,Neutral,2
0x72c6a4624e1dffa724e6d00d64ceae698af892a0,2025-03-09,0.0,21,27.0,Neutral,Loss,2
0x72c6a4624e1dffa724e6d00d64ceae698af892a0,2025-03-10,-2680.0,35,20.0,Loss,Neutral,2
0x72c6a4624e1dffa724e6d00d64ceae698af892a0,2025-03-15,0.0,1,46.0,Neutral,Loss,2
0x72c6a4624e1dffa724e6d00d64ceae698af892a0,2025-04-12,-3546.9,12,43.0,Loss,Loss,2
0x72c6a4624e1dffa724e6d00d64ceae698af892a0,2025-04-13,-4526.698469,5,45.0,Loss,Profit,2
0x72c6a4624e1dffa724e6d00d64ceae698af892a0,2025-04-14,7848.0,3,31.0,Profit,Profit,2
0x72c6a4624e1dffa724e6d00d64ceae698af892a0,2025-04-15,6335.6,6,38.0,Profit,Profit,2
0x72c6a4624e1dffa724e6d00d64ceae698af892a0,2025-04-16,14609.800000000001,44,29.0,Profit,Profit,2
0x72c6a4624e1dffa724e6d00d64ceae698af892a0,2025-04-20,18374.63,55,37.0,Profit,Loss,2
0x75f7eeb85dc639d5e99c78f95393aa9a5f1170d4,2024-01-19,-0.20400000000000001,9,51.0,Neutral,Profit,0
0x75f7eeb85dc639d5e99c78f95393aa9a5f1170d4,2024-01-22,1166.248788,48,55.0,Profit,Profit,0
0x75f7eeb85dc639d5e99c78f95393aa9a5f1170d4,2024-01-26,90.2,2,49.0,Profit,Neutral,0
0x75f7eeb85dc639d5e99c78f95393aa9a5f1170d4,2024-01-29,1.71544,2,55.0,Neutral,Profit,0
0x75f7eeb85dc639d5e99c78f95393aa9a5f1170d4,2024-02-14,3639.3031690000003,88,74.0,Profit,Profit,0
0x75f7eeb85dc639d5e99c78f95393aa9a5f1170d4,2024-02-15,1024.70728,52,72.0,Profit,Profit,0
0x75f7eeb85dc639d5e99c78f95393aa9a5f1170d4,2024-02-16,5491.768834,170,72.0,Profit,Profit,0
0x75f7eeb85dc639d5e99c78f95393aa9a5f1170d4,2024-02-17,1670.012358,64,76.0,Profit,Profit,0
0x75f7eeb85dc639d5e99c78f95393aa9a5f1170d4,2024-02-18,477.6248299999999,97,72.0,Profit,Profit,0
0x75f7eeb85dc639d5e99c78f95393aa9a5f1170d4,2024-02-19,4325.827543,95,75.0,Profit,Profit,0
0x75f7eeb85dc639d5e99c78f95393aa9a5f1170d4,2024-02-20,3053.31353,35,72.0,Profit,Profit,0
0x75f7eeb85dc639d5e99c78f95393aa9a5f1170d4,2024-02-21,1858.7985700000002,21,78.0,Profit,Profit,0
0x75f7eeb85dc639d5e99c78f95393aa9a5f1170d4,2024-02-22,3894.1050699999996,86,74.0,Profit,Profit,0
0x75f7eeb85dc639d5e99c78f95393aa9a5f1170d4,2024-02-23,1418.55293,143,76.0,Profit,Loss,0
0x75f7eeb85dc639d5e99c78f95393aa9a5f1170d4,2024-02-25,-30.7705,5,74.0,Loss,Profit,0
0x75f7eeb85dc639d5e99c78f95393aa9a5f1170d4,2024-02-26,4416.8473,37,72.0,Profit,Profit,0
0x75f7eeb85dc639d5e99c78f95393aa9a5f1170d4,2024-02-27,312.130593,55,79.0,Profit,Profit,0
0x75f7eeb85dc639d5e99c78f95393aa9a5f1170d4,2024-02-28,2503.747235,45,82.0,Profit,Profit,0
0x75f7eeb85dc639d5e99c78f95393aa9a5f1170d4,2024-02-29,8493.192736,109,80.0,Profit,Profit,0
0x75f7eeb85dc639d5e99c78f95393aa9a5f1170d4,2024-03-01,8244.241409,137,80.0,Profit,Profit,0
0x75f7eeb85dc639d5e99c78f95393aa9a5f1170d4,2024-03-02,1674.715167,24,80.0,Profit,Profit,0
0x75f7eeb85dc639d5e99c78f95393aa9a5f1170d4,2024-03-03,8361.086245,79,83.0,Profit,Profit,0
0x75f7eeb85dc639d5e99c78f95393aa9a5f1170d4,2024-03-04,26773.771643,287,82.0,Profit,Profit,0
0x75f7eeb85dc639d5e99c78f95393aa9a5f1170d4,2024-03-05,19791.026041,180,90.0,Profit,Profit,0
0x75f7eeb85dc639d5e99c78f95393aa9a5f1170d4,2024-03-06,6814.825139,82,75.0,Profit,Profit,0
0x75f7eeb85dc639d5e99c78f95393aa9a5f1170d4,2024-03-08,4271.886236,67,81.0,Profit,Profit,0
0x75f7eeb85dc639d5e99c78f95393aa9a5f1170d4,2024-03-09,9949.501624,117,84.0,Profit,Profit,0
0x75f7eeb85dc639d5e99c78f95393aa9a5f1170d4,2024-03-10,2482.9272,42,79.0,Profit,Profit,0
0x75f7eeb85dc639d5e99c78f95393aa9a5f1170d4,2024-03-11,3588.179495,42,82.0,Profit,Profit,0
0x75f7eeb85dc639d5e99c78f95393aa9a5f1170d4,2024-03-12,3039.166,8,81.0,Profit,Profit,0
0x75f7eeb85dc639d5e99c78f95393aa9a5f1170d4,2024-03-14,3400.385378,17,88.0,Profit,Profit,0
0x75f7eeb85dc639d5e99c78f95393aa9a5f1170d4,2024-03-15,5509.2545,35,83.0,Profit,Profit,0
0x75f7eeb85dc639d5e99c78f95393aa9a5f1170d4,2024-03-17,73.61088,7,79.0,Profit,Profit,0
0x75f7eeb85dc639d5e99c78f95393aa9a5f1170d4,2024-03-18,1244.6384,6,77.0,Profit,Profit,0
0x75f7eeb85dc639d5e99c78f95393aa9a5f1170d4,2024-03-19,842.799493,10,79.0,Profit,Profit,0
0x75f7eeb85dc639d5e99c78f95393aa9a5f1170d4,2024-03-20,2593.147623,59,74.0,Profit,Profit,0
0x75f7eeb85dc639d5e99c78f95393aa9a5f1170d4,2024-03-21,2097.182,23,78.0,Profit,Profit,0
0x75f7eeb85dc639d5e99c78f95393aa9a5f1170d4,2024-03-24,1297.018477,19,74.0,Profit,Profit,0
0x75f7eeb85dc639d5e99c78f95393aa9a5f1170d4,2024-03-26,3195.3074,111,81.0,Profit,Loss,0
0x75f7eeb85dc639d5e99c78f95393aa9a5f1170d4,2024-03-27,-38.78086,11,83.0,Loss,Profit,0
0x75f7eeb85dc639d5e99c78f95393aa9a5f1170d4,2024-03-28,227.85100799999998,10,80.0,Profit,Profit,0
0x75f7eeb85dc639d5e99c78f95393aa9a5f1170d4,2024-03-30,1100.57514,45,75.0,Profit,Profit,0
0x75f7eeb85dc639d5e99c78f95393aa9a5f1170d4,2024-04-01,2507.122467,48,79.0,Profit,Profit,0
0x75f7eeb85dc639d5e99c78f95393aa9a5f1170d4,2024-04-03,126.7884,2,71.0,Profit,Profit,0
0x75f7eeb85dc639d5e99c78f95393aa9a5f1170d4,2024-04-05,5296.433789,82,79.0,Profit,Profit,0
0x75f7eeb85dc639d5e99c78f95393aa9a5f1170d4,2024-04-08,1218.4267,2,76.0,Profit,Profit,0
0x75f7eeb85dc639d5e99c78f95393aa9a5f1170d4,2024-04-12,2237.798674,93,79.0,Profit,Profit,0
0x75f7eeb85dc639d5e99c78f95393aa9a5f1170d4,2024-04-13,6621.451755,71,72.0,Profit,Profit,0
0x75f7eeb85dc639d5e99c78f95393aa9a5f1170d4,2024-04-14,461.97292000000004,43,72.0,Profit,Profit,0
0x75f7eeb85dc639d5e99c78f95393aa9a5f1170d4,2024-04-15,3774.08872,38,74.0,Profit,Profit,0
0x75f7eeb85dc639d5e99c78f95393aa9a5f1170d4,2024-04-16,2467.702221,46,65.0,Profit,Profit,0
0x75f7eeb85dc639d5e99c78f95393aa9a5f1170d4,2024-04-17,2441.4683999999997,14,67.0,Profit,Profit,0
0x75f7eeb85dc639d5e99c78f95393aa9a5f1170d4,2024-04-23,360.32138,12,71.0,Profit,Loss,0
0x75f7eeb85dc639d5e99c78f95393aa9a5f1170d4,2024-05-03,-13.844579999999999,7,48.0,Loss,Neutral,0
0x75f7eeb85dc639d5e99c78f95393aa9a5f1170d4,2024-05-05,0.916,2,69.0,Neutral,Neutral,0
0x75f7eeb85dc639d5e99c78f95393aa9a5f1170d4,2024-05-07,0.0,1,68.0,Neutral,Neutral,0
0x75f7eeb85dc639d5e99c78f95393aa9a5f1170d4,2024-05-08,1.56576,3,64.0,Neutral,Neutral,0
0x75f7eeb85dc639d5e99c78f95393aa9a5f1170d4,2024-05-23,0.0,1,76.0,Neutral,Neutral,0
0x75f7eeb85dc639d5e99c78f95393aa9a5f1170d4,2024-06-13,-1.40304,1,70.0,Neutral,Neutral,0
0x75f7eeb85dc639d5e99c78f95393aa9a5f1170d4,2024-12-09,0.01574,7,78.0,Neutral,Profit,0
0x75f7eeb85dc639d5e99c78f95393aa9a5f1170d4,2024-12-10,3634.56814,153,78.0,Profit,Profit,0
0x75f7eeb85dc639d5e99c78f95393aa9a5f1170d4,2024-12-11,1567.4026840000001,23,74.0,Profit,Profit,0
0x75f7eeb85dc639d5e99c78f95393aa9a5f1170d4,2024-12-12,323.34897900000016,52,83.0,Profit,Profit,0
0x75f7eeb85dc639d5e99c78f95393aa9a5f1170d4,2024-12-13,8276.625256,26,76.0,Profit,Loss,0
0x75f7eeb85dc639d5e99c78f95393aa9a5f1170d4,2024-12-14,-33.03286,36,83.0,Loss,Profit,0
0x75f7eeb85dc639d5e99c78f95393aa9a5f1170d4,2024-12-15,126.32543000000001,14,80.0,Profit,Profit,0
0x75f7eeb85dc639d5e99c78f95393aa9a5f1170d4,2024-12-16,758.93225,10,83.0,Profit,Profit,0
0x75f7eeb85dc639d5e99c78f95393aa9a5f1170d4,2024-12-17,3146.294798,67,87.0,Profit,Profit,0
0x75f7eeb85dc639d5e99c78f95393aa9a5f1170d4,2024-12-18,2507.193252,115,81.0,Profit,Profit,0
0x75f7eeb85dc639d5e99c78f95393aa9a5f1170d4,2024-12-19,13027.2866,235,75.0,Profit,Profit,0
0x75f7eeb85dc639d5e99c78f95393aa9a5f1170d4,2024-12-20,3509.273443,219,74.0,Profit,Profit,0
0x75f7eeb85dc639d5e99c78f95393aa9a5f1170d4,2024-12-21,24.404600000000002,8,73.0,Profit,Profit,0
0x75f7eeb85dc639d5e99c78f95393aa9a5f1170d4,2024-12-23,657.693565,51,70.0,Profit,Profit,0
0x75f7eeb85dc639d5e99c78f95393aa9a5f1170d4,2025-01-02,3429.9583199999997,53,70.0,Profit,Profit,0
0x75f7eeb85dc639d5e99c78f95393aa9a5f1170d4,2025-01-07,11206.706221,232,78.0,Profit,Profit,0
0x75f7eeb85dc639d5e99c78f95393aa9a5f1170d4,2025-01-08,3710.36178,49,70.0,Profit,Profit,0
0x75f7eeb85dc639d5e99c78f95393aa9a5f1170d4,2025-01-13,3944.7294389999997,50,61.0,Profit,Profit,0
0x75f7eeb85dc639d5e99c78f95393aa9a5f1170d4,2025-01-14,104.68064,9,63.0,Profit,Loss,0
0x75f7eeb85dc639d5e99c78f95393aa9a5f1170d4,2025-01-18,-3249.381438,33,77.0,Loss,Profit,0
0x75f7eeb85dc639d5e99c78f95393aa9a5f1170d4,2025-01-20,16210.341667,409,76.0,Profit,Profit,0
0x75f7eeb85dc639d5e99c78f95393aa9a5f1170d4,2025-01-22,548.62199,35,84.0,Profit,Profit,0
0x75f7eeb85dc639d5e99c78f95393aa9a5f1170d4,2025-01-24,3540.716915,137,75.0,Profit,Profit,0
0x75f7eeb85dc639d5e99c78f95393aa9a5f1170d4,2025-01-27,2582.715893,128,71.0,Profit,Profit,0
0x75f7eeb85dc639d5e99c78f95393aa9a5f1170d4,2025-01-28,1150.332823,37,72.0,Profit,Profit,0
0x75f7eeb85dc639d5e99c78f95393aa9a5f1170d4,2025-01-29,45.381082,36,72.0,Profit,Profit,0
0x75f7eeb85dc639d5e99c78f95393aa9a5f1170d4,2025-01-30,5049.257348,134,70.0,Profit,Profit,0
0x75f7eeb85dc639d5e99c78f95393aa9a5f1170d4,2025-01-31,6216.099195999999,172,76.0,Profit,Profit,0
0x75f7eeb85dc639d5e99c78f95393aa9a5f1170d4,2025-02-01,9609.447365,148,68.0,Profit,Profit,0
0x75f7eeb85dc639d5e99c78f95393aa9a5f1170d4,2025-02-03,14982.681725,351,44.0,Profit,Profit,0
0x75f7eeb85dc639d5e99c78f95393aa9a5f1170d4,2025-02-04,1985.815595,76,72.0,Profit,Profit,0
0x75f7eeb85dc639d5e99c78f95393aa9a5f1170d4,2025-02-05,14.590934,20,54.0,Profit,Profit,0
0x75f7eeb85dc639d5e99c78f95393aa9a5f1170d4,2025-02-06,2055.538866,73,49.0,Profit,Profit,0
0x75f7eeb85dc639d5e99c78f95393aa9a5f1170d4,2025-02-07,2648.450789,58,44.0,Profit,Profit,0
0x75f7eeb85dc639d5e99c78f95393aa9a5f1170d4,2025-02-08,235.47104,2,44.0,Profit,Profit,0
0x75f7eeb85dc639d5e99c78f95393aa9a5f1170d4,2025-02-09,627.556755,71,46.0,Profit,Profit,0
0x75f7eeb85dc639d5e99c78f95393aa9a5f1170d4,2025-02-10,990.674468,58,43.0,Profit,Profit,0
0x75f7eeb85dc639d5e99c78f95393aa9a5f1170d4,2025-02-11,1053.5230999999999,5,47.0,Profit,Loss,0
0x75f7eeb85dc639d5e99c78f95393aa9a5f1170d4,2025-02-12,-22303.603584,118,46.0,Loss,Profit,0
0x75f7eeb85dc639d5e99c78f95393aa9a5f1170d4,2025-02-13,2390.12335,101,50.0,Profit,Profit,0
0x75f7eeb85dc639d5e99c78f95393aa9a5f1170d4,2025-02-15,462.740727,28,50.0,Profit,Profit,0
0x75f7eeb85dc639d5e99c78f95393aa9a5f1170d4,2025-02-16,14.54605,5,54.0,Profit,Profit,0
0x75f7eeb85dc639d5e99c78f95393aa9a5f1170d4,2025-02-18,3112.721339,131,47.0,Profit,Profit,0
0x75f7eeb85dc639d5e99c78f95393aa9a5f1170d4,2025-02-19,770.462266,221,44.0,Profit,Profit,0
0x75f7eeb85dc639d5e99c78f95393aa9a5f1170d4,2025-02-20,1727.154021,69,49.0,Profit,Profit,0
0x75f7eeb85dc639d5e99c78f95393aa9a5f1170d4,2025-02-21,2720.828056,188,55.0,Profit,Profit,0
0x75f7eeb85dc639d5e99c78f95393aa9a5f1170d4,2025-02-22,1437.17482,121,49.0,Profit,Profit,0
0x75f7eeb85dc639d5e99c78f95393aa9a5f1170d4,2025-02-23,1001.2053860000001,125,50.0,Profit,Profit,0
0x75f7eeb85dc639d5e99c78f95393aa9a5f1170d4,2025-02-25,3622.6256409999996,79,25.0,Profit,Profit,0
0x75f7eeb85dc639d5e99c78f95393aa9a5f1170d4,2025-02-26,5303.037252,86,21.0,Profit,Profit,0
0x75f7eeb85dc639d5e99c78f95393aa9a5f1170d4,2025-03-02,948.6016900000001,12,26.0,Profit,Loss,0
0x75f7eeb85dc639d5e99c78f95393aa9a5f1170d4,2025-03-03,-370.250064,101,33.0,Loss,Loss,0
0x75f7eeb85dc639d5e99c78f95393aa9a5f1170d4,2025-03-05,-5843.04,2,20.0,Loss,Profit,0
0x75f7eeb85dc639d5e99c78f95393aa9a5f1170d4,2025-03-08,556.480533,18,28.0,Profit,Profit,0
0x75f7eeb85dc639d5e99c78f95393aa9a5f1170d4,2025-03-11,23670.188163,170,24.0,Profit,Profit,0
0x75f7eeb85dc639d5e99c78f95393aa9a5f1170d4,2025-03-12,788.209533,24,34.0,Profit,Profit,0
0x75f7eeb85dc639d5e99c78f95393aa9a5f1170d4,2025-03-13,216.69714,20,45.0,Profit,Profit,0
0x75f7eeb85dc639d5e99c78f95393aa9a5f1170d4,2025-03-15,500.116094,33,46.0,Profit,Profit,0
0x75f7eeb85dc639d5e99c78f95393aa9a5f1170d4,2025-03-16,941.32505,15,30.0,Profit,Profit,0
0x75f7eeb85dc639d5e99c78f95393aa9a5f1170d4,2025-03-17,5845.632627,152,32.0,Profit,Profit,0
0x75f7eeb85dc639d5e99c78f95393aa9a5f1170d4,2025-03-18,82.269533,14,34.0,Profit,Profit,0
0x75f7eeb85dc639d5e99c78f95393aa9a5f1170d4,2025-03-19,106.886191,43,32.0,Profit,Profit,0
0x75f7eeb85dc639d5e99c78f95393aa9a5f1170d4,2025-03-20,646.76766,32,49.0,Profit,Profit,0
0x75f7eeb85dc639d5e99c78f95393aa9a5f1170d4,2025-03-22,4462.921835,63,32.0,Profit,Profit,0
0x75f7eeb85dc639d5e99c78f95393aa9a5f1170d4,2025-03-24,80.95313,26,45.0,Profit,Profit,0
0x75f7eeb85dc639d5e99c78f95393aa9a5f1170d4,2025-03-25,520.971268,29,46.0,Profit,Profit,0
0x75f7eeb85dc639d5e99c78f95393aa9a5f1170d4,2025-03-26,96.945218,79,47.0,Profit,Profit,0
0x75f7eeb85dc639d5e99c78f95393aa9a5f1170d4,2025-03-29,133.123947,83,26.0,Profit,Profit,0
0x75f7eeb85dc639d5e99c78f95393aa9a5f1170d4,2025-03-31,1239.24045,52,34.0,Profit,Profit,0
0x75f7eeb85dc639d5e99c78f95393aa9a5f1170d4,2025-04-02,90.98474,11,44.0,Profit,Profit,0
0x75f7eeb85dc639d5e99c78f95393aa9a5f1170d4,2025-04-06,3370.85855,39,34.0,Profit,Profit,0
0x75f7eeb85dc639d5e99c78f95393aa9a5f1170d4,2025-04-08,948.85929,43,24.0,Profit,Profit,0
0x75f7eeb85dc639d5e99c78f95393aa9a5f1170d4,2025-04-09,1593.7933500000001,15,18.0,Profit,Profit,0
0x75f7eeb85dc639d5e99c78f95393aa9a5f1170d4,2025-04-12,1442.90516,44,43.0,Profit,Profit,0
0x75f7eeb85dc639d5e99c78f95393aa9a5f1170d4,2025-04-14,1828.36966,40,31.0,Profit,Profit,0
0x75f7eeb85dc639d5e99c78f95393aa9a5f1170d4,2025-04-15,1208.695445,36,38.0,Profit,Profit,0
0x75f7eeb85dc639d5e99c78f95393aa9a5f1170d4,2025-04-16,1674.357543,35,29.0,Profit,Profit,0
0x75f7eeb85dc639d5e99c78f95393aa9a5f1170d4,2025-04-18,471.89234,6,33.0,Profit,Profit,0
0x75f7eeb85dc639d5e99c78f95393aa9a5f1170d4,2025-04-19,1403.177311,55,32.0,Profit,Loss,0
0x75f7eeb85dc639d5e99c78f95393aa9a5f1170d4,2025-04-20,-111.77234,52,37.0,Loss,Profit,0
0x75f7eeb85dc639d5e99c78f95393aa9a5f1170d4,2025-04-22,2933.203058,327,47.0,Profit,Profit,0
0x75f7eeb85dc639d5e99c78f95393aa9a5f1170d4,2025-04-23,6439.07977,154,72.0,Profit,Profit,0
0x75f7eeb85dc639d5e99c78f95393aa9a5f1170d4,2025-04-24,1250.2581989999999,29,63.0,Profit,Profit,0
0x75f7eeb85dc639d5e99c78f95393aa9a5f1170d4,2025-04-25,1113.013801,99,60.0,Profit,Profit,0
0x75f7eeb85dc639d5e99c78f95393aa9a5f1170d4,2025-04-26,3291.144446,113,65.0,Profit,Profit,0
0x75f7eeb85dc639d5e99c78f95393aa9a5f1170d4,2025-04-27,471.712989,83,61.0,Profit,Profit,0
0x7f4f299f74eec87806a830e3caa9afa5f2b9db8f,2024-12-25,14.21524,4,73.0,Profit,Neutral,0
0x7f4f299f74eec87806a830e3caa9afa5f2b9db8f,2024-12-29,0.0,4,73.0,Neutral,Profit,0
0x7f4f299f74eec87806a830e3caa9afa5f2b9db8f,2024-12-30,838.9844760000001,12,65.0,Profit,Neutral,0
0x7f4f299f74eec87806a830e3caa9afa5f2b9db8f,2024-12-31,0.0,1,64.0,Neutral,Neutral,0
0x7f4f299f74eec87806a830e3caa9afa5f2b9db8f,2025-01-01,0.0,3,66.0,Neutral,Profit,0
0x7f4f299f74eec87806a830e3caa9afa5f2b9db8f,2025-01-02,1008.518954,9,70.0,Profit,Profit,0
0x7f4f299f74eec87806a830e3caa9afa5f2b9db8f,2025-01-03,937.789615,26,74.0,Profit,Profit,0
0x7f4f299f74eec87806a830e3caa9afa5f2b9db8f,2025-01-05,1093.05677,7,72.0,Profit,Profit,0
0x7f4f299f74eec87806a830e3caa9afa5f2b9db8f,2025-01-06,1260.832586,1,76.0,Profit,Neutral,0
0x7f4f299f74eec87806a830e3caa9afa5f2b9db8f,2025-01-07,0.0,1,78.0,Neutral,Neutral,0
0x7f4f299f74eec87806a830e3caa9afa5f2b9db8f,2025-01-08,0.0,11,70.0,Neutral,Neutral,0
0x7f4f299f74eec87806a830e3caa9afa5f2b9db8f,2025-01-09,0.0,1,69.0,Neutral,Profit,0
0x7f4f299f74eec87806a830e3caa9afa5f2b9db8f,2025-01-13,1621.278931,4,61.0,Profit,Profit,0
0x7f4f299f74eec87806a830e3caa9afa5f2b9db8f,2025-01-15,1261.448002,1,70.0,Profit,Neutral,0
0x7f4f299f74eec87806a830e3caa9afa5f2b9db8f,2025-01-19,0.0,1,77.0,Neutral,Loss,0
0x7f4f299f74eec87806a830e3caa9afa5f2b9db8f,2025-03-24,-869.145978,2,45.0,Loss,Neutral,0
0x7f4f299f74eec87806a830e3caa9afa5f2b9db8f,2025-03-26,0.0,3,47.0,Neutral,Profit,0
0x7f4f299f74eec87806a830e3caa9afa5f2b9db8f,2025-03-28,1130.350383,6,44.0,Profit,Profit,0
0x7f4f299f74eec87806a830e3caa9afa5f2b9db8f,2025-04-08,246.8944,26,24.0,Profit,Profit,0
0x7f4f299f74eec87806a830e3caa9afa5f2b9db8f,2025-04-09,2975.927732,799,18.0,Profit,Loss,0
0x7f4f299f74eec87806a830e3caa9afa5f2b9db8f,2025-04-10,-372.76464,105,39.0,Loss,Profit,0
0x7f4f299f74eec87806a830e3caa9afa5f2b9db8f,2025-04-11,2550.108815,279,25.0,Profit,Profit,0
0x7f4f299f74eec87806a830e3caa9afa5f2b9db8f,2025-04-12,303.170149,120,43.0,Profit,Profit,0
0x7f4f299f74eec87806a830e3caa9afa5f2b9db8f,2025-04-13,355.09,94,45.0,Profit,Profit,0
0x7f4f299f74eec87806a830e3caa9afa5f2b9db8f,2025-04-17,425.687612,34,30.0,Profit,Profit,0
0x8170715b3b381dffb7062c0298972d4727a0a63b,2024-12-17,0.0,14,87.0,Neutral,Neutral,1
0x8170715b3b381dffb7062c0298972d4727a0a63b,2024-12-18,0.0,1,81.0,Neutral,Profit,1
0x8170715b3b381dffb7062c0298972d4727a0a63b,2024-12-27,453.853206,29,74.0,Profit,Profit,1
0x8170715b3b381dffb7062c0298972d4727a0a63b,2024-12-28,343.092145,1,72.0,Profit,Profit,1
0x8170715b3b381dffb7062c0298972d4727a0a63b,2024-12-29,768.814445,4,73.0,Profit,Profit,1
0x8170715b3b381dffb7062c0298972d4727a0a63b,2024-12-30,1211.511836,6,65.0,Profit,Profit,1
0x8170715b3b381dffb7062c0298972d4727a0a63b,2024-12-31,306.563532,3,64.0,Profit,Profit,1
0x8170715b3b381dffb7062c0298972d4727a0a63b,2025-01-02,739.18423,3,70.0,Profit,Loss,1
0x8170715b3b381dffb7062c0298972d4727a0a63b,2025-01-22,-179.521683,6,84.0,Loss,Loss,1
0x8170715b3b381dffb7062c0298972d4727a0a63b,2025-01-25,-18956.391598000002,29,75.0,Loss,Neutral,1
0x8170715b3b381dffb7062c0298972d4727a0a63b,2025-01-26,0.0,26,73.0,Neutral,Neutral,1
0x8170715b3b381dffb7062c0298972d4727a0a63b,2025-01-27,0.0,22,71.0,Neutral,Neutral,1
0x8170715b3b381dffb7062c0298972d4727a0a63b,2025-01-28,0.0,17,72.0,Neutral,Neutral,1
0x8170715b3b381dffb7062c0298972d4727a0a63b,2025-01-29,0.0,7,72.0,Neutral,Neutral,1
0x8170715b3b381dffb7062c0298972d4727a0a63b,2025-01-30,0.0,37,70.0,Neutral,Neutral,1
0x8170715b3b381dffb7062c0298972d4727a0a63b,2025-01-31,0.0,48,76.0,Neutral,Neutral,1
0x8170715b3b381dffb7062c0298972d4727a0a63b,2025-02-01,0.0,18,68.0,Neutral,Neutral,1
0x8170715b3b381dffb7062c0298972d4727a0a63b,2025-02-02,0.0,30,60.0,Neutral,Profit,1
0x8170715b3b381dffb7062c0298972d4727a0a63b,2025-02-03,13770.715332,119,44.0,Profit,Neutral,1
0x8170715b3b381dffb7062c0298972d4727a0a63b,2025-02-04,0.0,45,72.0,Neutral,Neutral,1
0x8170715b3b381dffb7062c0298972d4727a0a63b,2025-02-05,0.0,25,54.0,Neutral,Neutral,1
0x8170715b3b381dffb7062c0298972d4727a0a63b,2025-02-06,0.0,17,49.0,Neutral,Neutral,1
0x8170715b3b381dffb7062c0298972d4727a0a63b,2025-02-07,0.0,9,44.0,Neutral,Neutral,1
0x8170715b3b381dffb7062c0298972d4727a0a63b,2025-02-08,0.0,5,44.0,Neutral,Neutral,1
0x8170715b3b381dffb7062c0298972d4727a0a63b,2025-02-09,0.0,87,46.0,Neutral,Profit,1
0x8170715b3b381dffb7062c0298972d4727a0a63b,2025-02-10,24.634532000000036,85,43.0,Profit,Neutral,1
0x8170715b3b381dffb7062c0298972d4727a0a63b,2025-02-11,0.0,13,47.0,Neutral,Neutral,1
0x8170715b3b381dffb7062c0298972d4727a0a63b,2025-02-12,0.0,23,46.0,Neutral,Loss,1
0x8170715b3b381dffb7062c0298972d4727a0a63b,2025-02-13,-3556.3882559999997,46,50.0,Loss,Profit,1
0x8170715b3b381dffb7062c0298972d4727a0a63b,2025-02-14,8781.96,311,48.0,Profit,Profit,1
0x8170715b3b381dffb7062c0298972d4727a0a63b,2025-02-15,35346.87108,179,50.0,Profit,Neutral,1
0x8170715b3b381dffb7062c0298972d4727a0a63b,2025-02-16,0.0,3,54.0,Neutral,Neutral,1
0x8170715b3b381dffb7062c0298972d4727a0a63b,2025-02-17,0.0,6,51.0,Neutral,Neutral,1
0x8170715b3b381dffb7062c0298972d4727a0a63b,2025-02-18,0.0,13,47.0,Neutral,Neutral,1
0x8170715b3b381dffb7062c0298972d4727a0a63b,2025-02-19,0.0,17,44.0,Neutral,Neutral,1
0x8170715b3b381dffb7062c0298972d4727a0a63b,2025-02-20,0.0,31,49.0,Neutral,Neutral,1
0x8170715b3b381dffb7062c0298972d4727a0a63b,2025-02-21,0.0,38,55.0,Neutral,Neutral,1
0x8170715b3b381dffb7062c0298972d4727a0a63b,2025-02-23,0.0,4,50.0,Neutral,Profit,1
0x8170715b3b381dffb7062c0298972d4727a0a63b,2025-02-25,8698.883848,39,25.0,Profit,Profit,1
0x8170715b3b381dffb7062c0298972d4727a0a63b,2025-02-26,2225.835732,1,21.0,Profit,Profit,1
0x8170715b3b381dffb7062c0298972d4727a0a63b,2025-02-28,3309.75,7,16.0,Profit,Neutral,1
0x8170715b3b381dffb7062c0298972d4727a0a63b,2025-03-02,0.0,2,26.0,Neutral,Neutral,1
0x8170715b3b381dffb7062c0298972d4727a0a63b,2025-03-03,0.0,8,33.0,Neutral,Profit,1
0x8170715b3b381dffb7062c0298972d4727a0a63b,2025-03-04,6939.47356,16,15.0,Profit,Neutral,1
0x8170715b3b381dffb7062c0298972d4727a0a63b,2025-03-07,0.0,12,34.0,Neutral,Neutral,1
0x8170715b3b381dffb7062c0298972d4727a0a63b,2025-03-08,0.0,38,28.0,Neutral,Profit,1
0x8170715b3b381dffb7062c0298972d4727a0a63b,2025-03-09,3677.4965580000003,5,27.0,Profit,Profit,1
0x8170715b3b381dffb7062c0298972d4727a0a63b,2025-03-10,4297.3227640000005,14,20.0,Profit,Neutral,1
0x8170715b3b381dffb7062c0298972d4727a0a63b,2025-03-11,0.0,8,24.0,Neutral,Loss,1
0x8170715b3b381dffb7062c0298972d4727a0a63b,2025-03-12,-2493.849701,11,34.0,Loss,Neutral,1
0x8170715b3b381dffb7062c0298972d4727a0a63b,2025-03-13,0.0,37,45.0,Neutral,Profit,1
0x8170715b3b381dffb7062c0298972d4727a0a63b,2025-03-14,584.05178,1,27.0,Profit,Profit,1
0x8170715b3b381dffb7062c0298972d4727a0a63b,2025-03-15,763.755281,18,46.0,Profit,Profit,1
0x8170715b3b381dffb7062c0298972d4727a0a63b,2025-03-16,8368.226125000001,7,30.0,Profit,Neutral,1
0x8170715b3b381dffb7062c0298972d4727a0a63b,2025-03-17,0.0,72,32.0,Neutral,Neutral,1
0x8170715b3b381dffb7062c0298972d4727a0a63b,2025-03-18,0.0,59,34.0,Neutral,Profit,1
0x8170715b3b381dffb7062c0298972d4727a0a63b,2025-03-19,3036.68886,109,32.0,Profit,Profit,1
0x8170715b3b381dffb7062c0298972d4727a0a63b,2025-03-20,652.062115,12,49.0,Profit,Profit,1
0x8170715b3b381dffb7062c0298972d4727a0a63b,2025-03-22,3082.76165,19,32.0,Profit,Profit,1
0x8170715b3b381dffb7062c0298972d4727a0a63b,2025-03-23,3464.777168,2,30.0,Profit,Profit,1
0x8170715b3b381dffb7062c0298972d4727a0a63b,2025-03-24,2838.532396,47,45.0,Profit,Profit,1
0x8170715b3b381dffb7062c0298972d4727a0a63b,2025-03-25,2164.09548,6,46.0,Profit,Profit,1
0x8170715b3b381dffb7062c0298972d4727a0a63b,2025-03-26,619.572648,1,47.0,Profit,Profit,1
0x8170715b3b381dffb7062c0298972d4727a0a63b,2025-03-27,26714.79759,64,40.0,Profit,Profit,1
0x8170715b3b381dffb7062c0298972d4727a0a63b,2025-03-28,13956.614828,29,44.0,Profit,Profit,1
0x8170715b3b381dffb7062c0298972d4727a0a63b,2025-03-29,19573.830158,86,26.0,Profit,Profit,1
0x8170715b3b381dffb7062c0298972d4727a0a63b,2025-03-30,9683.820194,31,32.0,Profit,Profit,1
0x8170715b3b381dffb7062c0298972d4727a0a63b,2025-03-31,5544.028638,8,34.0,Profit,Profit,1
0x8170715b3b381dffb7062c0298972d4727a0a63b,2025-04-01,4004.50286,13,34.0,Profit,Profit,1
0x8170715b3b381dffb7062c0298972d4727a0a63b,2025-04-02,8045.056928,7,44.0,Profit,Neutral,1
0x8170715b3b381dffb7062c0298972d4727a0a63b,2025-04-03,0.0,85,25.0,Neutral,Profit,1
0x8170715b3b381dffb7062c0298972d4727a0a63b,2025-04-04,4805.345609999999,68,28.0,Profit,Profit,1
0x8170715b3b381dffb7062c0298972d4727a0a63b,2025-04-06,17621.701092,14,34.0,Profit,Neutral,1
0x8170715b3b381dffb7062c0298972d4727a0a63b,2025-04-07,0.0,51,23.0,Neutral,Neutral,1
0x8170715b3b381dffb7062c0298972d4727a0a63b,2025-04-08,0.0,8,24.0,Neutral,Loss,1
0x8170715b3b381dffb7062c0298972d4727a0a63b,2025-04-09,-4058.8889249999997,54,18.0,Loss,Profit,1
0x8170715b3b381dffb7062c0298972d4727a0a63b,2025-04-10,4596.960442,89,39.0,Profit,Loss,1
0x8170715b3b381dffb7062c0298972d4727a0a63b,2025-04-11,-9584.869233000001,238,25.0,Loss,Neutral,1
0x8170715b3b381dffb7062c0298972d4727a0a63b,2025-04-12,0.0,22,43.0,Neutral,Neutral,1
0x8170715b3b381dffb7062c0298972d4727a0a63b,2025-04-13,0.0,18,45.0,Neutral,Profit,1
0x8170715b3b381dffb7062c0298972d4727a0a63b,2025-04-15,3204.26268,77,38.0,Profit,Profit,1
0x8170715b3b381dffb7062c0298972d4727a0a63b,2025-04-16,912.29492,39,29.0,Profit,Neutral,1
0x8170715b3b381dffb7062c0298972d4727a0a63b,2025-04-17,0.0,96,30.0,Neutral,Neutral,1
0x8170715b3b381dffb7062c0298972d4727a0a63b,2025-04-18,0.0,46,33.0,Neutral,Neutral,1
0x8170715b3b381dffb7062c0298972d4727a0a63b,2025-04-19,0.0,96,32.0,Neutral,Neutral,1
0x8170715b3b381dffb7062c0298972d4727a0a63b,2025-04-21,0.0,18,39.0,Neutral,Neutral,1
0x8170715b3b381dffb7062c0298972d4727a0a63b,2025-04-22,0.0,49,47.0,Neutral,Loss,1
0x8170715b3b381dffb7062c0298972d4727a0a63b,2025-04-23,-358963.139984,1242,72.0,Loss,Profit,1
0x8170715b3b381dffb7062c0298972d4727a0a63b,2025-04-24,398.646746,58,63.0,Profit,Loss,1
0x8170715b3b381dffb7062c0298972d4727a0a63b,2025-04-25,-1335.115406,39,60.0,Loss,Loss,1
0x8170715b3b381dffb7062c0298972d4727a0a63b,2025-04-26,-3925.864943,16,65.0,Loss,Loss,1
0x8381e6d82f1affd39a336e143e081ef7620a3b7f,2024-11-29,0.0,3,78.0,Neutral,Neutral,0
0x8381e6d82f1affd39a336e143e081ef7620a3b7f,2024-12-01,0.0,3,81.0,Neutral,Neutral,0
0x8381e6d82f1affd39a336e143e081ef7620a3b7f,2024-12-02,0.0,6,80.0,Neutral,Profit,0
0x8381e6d82f1affd39a336e143e081ef7620a3b7f,2024-12-04,33.26141600000001,10,78.0,Profit,Neutral,0
0x8381e6d82f1affd39a336e143e081ef7620a3b7f,2024-12-05,0.0,2,84.0,Neutral,Neutral,0
0x8381e6d82f1affd39a336e143e081ef7620a3b7f,2024-12-06,0.0,1,72.0,Neutral,Neutral,0
0x8381e6d82f1affd39a336e143e081ef7620a3b7f,2024-12-07,0.0,3,75.0,Neutral,Loss,0
0x8381e6d82f1affd39a336e143e081ef7620a3b7f,2024-12-08,-21.54374,5,79.0,Loss,Neutral,0
0x8381e6d82f1affd39a336e143e081ef7620a3b7f,2024-12-09,0.0,4,78.0,Neutral,Neutral,0
0x8381e6d82f1affd39a336e143e081ef7620a3b7f,2024-12-10,0.0,1,78.0,Neutral,Neutral,0
0x8381e6d82f1affd39a336e143e081ef7620a3b7f,2024-12-13,0.0,3,76.0,Neutral,Neutral,0
0x8381e6d82f1affd39a336e143e081ef7620a3b7f,2024-12-15,0.0,5,80.0,Neutral,Neutral,0
0x8381e6d82f1affd39a336e143e081ef7620a3b7f,2024-12-19,0.0,1,75.0,Neutral,Neutral,0
0x8381e6d82f1affd39a336e143e081ef7620a3b7f,2024-12-22,0.0,1,73.0,Neutral,Neutral,0
0x8381e6d82f1affd39a336e143e081ef7620a3b7f,2024-12-23,0.0,6,70.0,Neutral,Neutral,0
0x8381e6d82f1affd39a336e143e081ef7620a3b7f,2024-12-26,0.0,2,79.0,Neutral,Neutral,0
0x8381e6d82f1affd39a336e143e081ef7620a3b7f,2025-01-01,0.0,5,66.0,Neutral,Neutral,0
0x8381e6d82f1affd39a336e143e081ef7620a3b7f,2025-01-04,0.0,2,73.0,Neutral,Neutral,0
0x8381e6d82f1affd39a336e143e081ef7620a3b7f,2025-01-05,0.0,1,72.0,Neutral,Neutral,0
0x8381e6d82f1affd39a336e143e081ef7620a3b7f,2025-01-09,0.0,4,69.0,Neutral,Neutral,0
0x8381e6d82f1affd39a336e143e081ef7620a3b7f,2025-01-18,0.0,7,77.0,Neutral,Neutral,0
0x8381e6d82f1affd39a336e143e081ef7620a3b7f,2025-01-25,0.0,25,75.0,Neutral,Profit,0
0x8381e6d82f1affd39a336e143e081ef7620a3b7f,2025-01-26,38294.693499,123,73.0,Profit,Neutral,0
0x8381e6d82f1affd39a336e143e081ef7620a3b7f,2025-01-27,0.0,2,71.0,Neutral,Neutral,0
0x8381e6d82f1affd39a336e143e081ef7620a3b7f,2025-02-02,0.0,19,60.0,Neutral,Neutral,0
0x8381e6d82f1affd39a336e143e081ef7620a3b7f,2025-02-03,0.0,8,44.0,Neutral,Profit,0
0x8381e6d82f1affd39a336e143e081ef7620a3b7f,2025-02-04,9167.620989,104,72.0,Profit,Profit,0
0x8381e6d82f1affd39a336e143e081ef7620a3b7f,2025-02-05,1843.301845,327,54.0,Profit,Profit,0
0x8381e6d82f1affd39a336e143e081ef7620a3b7f,2025-02-06,71.77363,167,49.0,Profit,Profit,0
0x8381e6d82f1affd39a336e143e081ef7620a3b7f,2025-02-09,1259.5314,103,46.0,Profit,Neutral,0
0x8381e6d82f1affd39a336e143e081ef7620a3b7f,2025-02-10,0.0,10,43.0,Neutral,Profit,0
0x8381e6d82f1affd39a336e143e081ef7620a3b7f,2025-02-11,109.90750199999998,211,47.0,Profit,Profit,0
0x8381e6d82f1affd39a336e143e081ef7620a3b7f,2025-02-12,2760.439779,81,46.0,Profit,Profit,0
0x8381e6d82f1affd39a336e143e081ef7620a3b7f,2025-02-13,1998.702085,42,50.0,Profit,Profit,0
0x8381e6d82f1affd39a336e143e081ef7620a3b7f,2025-02-14,27.247837999999998,40,48.0,Profit,Profit,0
0x8381e6d82f1affd39a336e143e081ef7620a3b7f,2025-02-16,559.647247,80,54.0,Profit,Profit,0
0x8381e6d82f1affd39a336e143e081ef7620a3b7f,2025-02-17,64.346683,105,51.0,Profit,Profit,0
0x8381e6d82f1affd39a336e143e081ef7620a3b7f,2025-02-18,3981.044269,177,47.0,Profit,Profit,0
0x8381e6d82f1affd39a336e143e081ef7620a3b7f,2025-02-21,8995.13393,8,55.0,Profit,Neutral,0
0x8381e6d82f1affd39a336e143e081ef7620a3b7f,2025-02-23,0.0,40,50.0,Neutral,Neutral,0
0x8381e6d82f1affd39a336e143e081ef7620a3b7f,2025-02-24,0.0,44,49.0,Neutral,Neutral,0
0x8381e6d82f1affd39a336e143e081ef7620a3b7f,2025-02-25,0.0,4,25.0,Neutral,Neutral,0
0x8381e6d82f1affd39a336e143e081ef7620a3b7f,2025-03-26,0.0,1,47.0,Neutral,Loss,0
0x8381e6d82f1affd39a336e143e081ef7620a3b7f,2025-04-07,-4968.487948,26,23.0,Loss,Profit,0
0x8381e6d82f1affd39a336e143e081ef7620a3b7f,2025-04-08,142.99159,23,24.0,Profit,Neutral,0
0x8381e6d82f1affd39a336e143e081ef7620a3b7f,2025-04-11,0.0,3,25.0,Neutral,Profit,0
0x8381e6d82f1affd39a336e143e081ef7620a3b7f,2025-04-12,202.27562,8,43.0,Profit,Profit,0
0x8381e6d82f1affd39a336e143e081ef7620a3b7f,2025-04-19,56.13971,22,32.0,Profit,Profit,0
0x8381e6d82f1affd39a336e143e081ef7620a3b7f,2025-04-22,284.16768,2,47.0,Profit,Neutral,0
0x8381e6d82f1affd39a336e143e081ef7620a3b7f,2025-04-23,0.0,4,72.0,Neutral,Profit,0
0x8381e6d82f1affd39a336e143e081ef7620a3b7f,2025-04-26,505.40523,3,65.0,Profit,Profit,0
0x8381e6d82f1affd39a336e143e081ef7620a3b7f,2025-04-27,33.061386999999996,13,61.0,Profit,Neutral,0
0x8381e6d82f1affd39a336e143e081ef7620a3b7f,2025-04-28,0.0,10,54.0,Neutral,Profit,0
0x8477e447846c758f5a675856001ea72298fd9cb5,2024-05-23,413.347329,305,76.0,Profit,Profit,2
0x8477e447846c758f5a675856001ea72298fd9cb5,2024-05-25,14.126038999999999,14,76.0,Profit,Neutral,2
0x8477e447846c758f5a675856001ea72298fd9cb5,2024-05-26,5.2257,7,75.0,Neutral,Profit,2
0x8477e447846c758f5a675856001ea72298fd9cb5,2024-05-27,1129.35587,251,74.0,Profit,Profit,2
0x8477e447846c758f5a675856001ea72298fd9cb5,2024-05-29,277.791953,159,72.0,Profit,Profit,2
0x8477e447846c758f5a675856001ea72298fd9cb5,2024-05-30,20.951433,7,73.0,Profit,Profit,2
0x8477e447846c758f5a675856001ea72298fd9cb5,2024-05-31,25.35812,13,73.0,Profit,Profit,2
0x8477e447846c758f5a675856001ea72298fd9cb5,2024-06-01,91.510419,25,72.0,Profit,Profit,2
0x8477e447846c758f5a675856001ea72298fd9cb5,2024-06-02,192.906947,93,73.0,Profit,Profit,2
0x8477e447846c758f5a675856001ea72298fd9cb5,2024-06-03,562.808208,70,73.0,Profit,Profit,2
0x8477e447846c758f5a675856001ea72298fd9cb5,2024-06-04,52.211438,53,73.0,Profit,Profit,2
0x8477e447846c758f5a675856001ea72298fd9cb5,2024-06-05,56.055506,54,75.0,Profit,Profit,2
0x8477e447846c758f5a675856001ea72298fd9cb5,2024-06-06,274.173187,234,78.0,Profit,Profit,2
0x8477e447846c758f5a675856001ea72298fd9cb5,2024-06-07,1573.244278,374,77.0,Profit,Profit,2
0x8477e447846c758f5a675856001ea72298fd9cb5,2024-06-08,129.13883900000002,22,72.0,Profit,Profit,2
0x8477e447846c758f5a675856001ea72298fd9cb5,2024-06-10,31.266804999999998,49,72.0,Profit,Profit,2
0x8477e447846c758f5a675856001ea72298fd9cb5,2024-06-11,51.081143,27,74.0,Profit,Loss,2
0x8477e447846c758f5a675856001ea72298fd9cb5,2024-06-12,-21886.531493,217,72.0,Loss,Profit,2
0x8477e447846c758f5a675856001ea72298fd9cb5,2024-07-17,1859.269477,335,69.0,Profit,Profit,2
0x8477e447846c758f5a675856001ea72298fd9cb5,2024-07-18,1233.9043470000001,7,61.0,Profit,Profit,2
0x8477e447846c758f5a675856001ea72298fd9cb5,2024-07-19,35.79975,7,60.0,Profit,Profit,2
0x8477e447846c758f5a675856001ea72298fd9cb5,2024-07-20,2169.508265,257,74.0,Profit,Loss,2
0x8477e447846c758f5a675856001ea72298fd9cb5,2024-07-21,-2960.716887,445,74.0,Loss,Loss,2
0x8477e447846c758f5a675856001ea72298fd9cb5,2024-07-22,-756.173134,133,70.0,Loss,Profit,2
0x8477e447846c758f5a675856001ea72298fd9cb5,2024-07-23,1805.309858,139,71.0,Profit,Profit,2
0x8477e447846c758f5a675856001ea72298fd9cb5,2024-07-24,625.561479,29,69.0,Profit,Profit,2
0x8477e447846c758f5a675856001ea72298fd9cb5,2024-07-26,341.250124,111,68.0,Profit,Neutral,2
0x8477e447846c758f5a675856001ea72298fd9cb5,2024-07-27,0.0,5,72.0,Neutral,Profit,2
0x8477e447846c758f5a675856001ea72298fd9cb5,2024-07-28,587.29903,13,71.0,Profit,Profit,2
0x8477e447846c758f5a675856001ea72298fd9cb5,2024-07-29,217.857529,15,74.0,Profit,Profit,2
0x8477e447846c758f5a675856001ea72298fd9cb5,2024-07-31,765.690884,40,61.0,Profit,Profit,2
0x8477e447846c758f5a675856001ea72298fd9cb5,2024-08-01,167.080017,34,52.0,Profit,Profit,2
0x8477e447846c758f5a675856001ea72298fd9cb5,2024-08-02,228.247701,15,57.0,Profit,Profit,2
0x8477e447846c758f5a675856001ea72298fd9cb5,2024-08-03,464.1897,1,37.0,Profit,Profit,2
0x8477e447846c758f5a675856001ea72298fd9cb5,2024-08-04,109.005815,17,34.0,Profit,Profit,2
0x8477e447846c758f5a675856001ea72298fd9cb5,2024-08-05,160.44369899999998,17,26.0,Profit,Profit,2
0x8477e447846c758f5a675856001ea72298fd9cb5,2024-08-09,151.092375,69,48.0,Profit,Neutral,2
0x8477e447846c758f5a675856001ea72298fd9cb5,2024-08-20,0.0,4,30.0,Neutral,Profit,2
0x8477e447846c758f5a675856001ea72298fd9cb5,2024-08-21,656.200925,143,26.0,Profit,Profit,2
0x8477e447846c758f5a675856001ea72298fd9cb5,2024-08-31,10.882801,24,29.0,Profit,Profit,2
0x8477e447846c758f5a675856001ea72298fd9cb5,2024-09-01,137.433093,12,26.0,Profit,Profit,2
0x8477e447846c758f5a675856001ea72298fd9cb5,2024-10-20,160.095271,90,73.0,Profit,Profit,2
0x8477e447846c758f5a675856001ea72298fd9cb5,2024-10-21,2464.915564,162,72.0,Profit,Profit,2
0x8477e447846c758f5a675856001ea72298fd9cb5,2024-10-29,801.170876,16,72.0,Profit,Neutral,2
0x8477e447846c758f5a675856001ea72298fd9cb5,2024-10-30,9.150023,25,77.0,Neutral,Profit,2
0x8477e447846c758f5a675856001ea72298fd9cb5,2024-10-31,451.122034,11,77.0,Profit,Profit,2
0x8477e447846c758f5a675856001ea72298fd9cb5,2024-11-09,102.90894,77,75.0,Profit,Profit,2
0x8477e447846c758f5a675856001ea72298fd9cb5,2024-11-10,442.748384,164,78.0,Profit,Profit,2
0x8477e447846c758f5a675856001ea72298fd9cb5,2024-11-11,4876.874304,172,76.0,Profit,Profit,2
0x8477e447846c758f5a675856001ea72298fd9cb5,2024-11-12,1441.27965,91,80.0,Profit,Profit,2
0x8477e447846c758f5a675856001ea72298fd9cb5,2024-11-13,48.000187,4,84.0,Profit,Neutral,2
0x8477e447846c758f5a675856001ea72298fd9cb5,2024-11-15,0.0,2,80.0,Neutral,Profit,2
0x8477e447846c758f5a675856001ea72298fd9cb5,2024-11-16,870.746565,30,86.0,Profit,Profit,2
0x8477e447846c758f5a675856001ea72298fd9cb5,2024-11-17,175.061007,20,90.0,Profit,Profit,2
0x8477e447846c758f5a675856001ea72298fd9cb5,2024-11-18,431.960709,79,83.0,Profit,Profit,2
0x8477e447846c758f5a675856001ea72298fd9cb5,2024-11-19,906.2475900000001,56,90.0,Profit,Profit,2
0x8477e447846c758f5a675856001ea72298fd9cb5,2024-11-20,447.920315,32,83.0,Profit,Neutral,2
0x8477e447846c758f5a675856001ea72298fd9cb5,2024-11-21,0.0,57,82.0,Neutral,Profit,2
0x8477e447846c758f5a675856001ea72298fd9cb5,2024-11-22,365.437929,137,94.0,Profit,Profit,2
0x8477e447846c758f5a675856001ea72298fd9cb5,2024-11-23,1439.449718,191,93.0,Profit,Profit,2
0x8477e447846c758f5a675856001ea72298fd9cb5,2024-11-24,391.890903,70,80.0,Profit,Neutral,2
0x8477e447846c758f5a675856001ea72298fd9cb5,2024-11-28,0.0,6,77.0,Neutral,Profit,2
0x8477e447846c758f5a675856001ea72298fd9cb5,2024-11-29,22697.489906,63,78.0,Profit,Profit,2
0x8477e447846c758f5a675856001ea72298fd9cb5,2024-11-30,40.699929,76,84.0,Profit,Profit,2
0x8477e447846c758f5a675856001ea72298fd9cb5,2024-12-01,1169.432253,123,81.0,Profit,Profit,2
0x8477e447846c758f5a675856001ea72298fd9cb5,2024-12-02,254.15562,8,80.0,Profit,Loss,2
0x8477e447846c758f5a675856001ea72298fd9cb5,2024-12-03,-158.695661,6,76.0,Loss,Profit,2
0x8477e447846c758f5a675856001ea72298fd9cb5,2025-01-02,45.086985,77,70.0,Profit,Profit,2
0x8477e447846c758f5a675856001ea72298fd9cb5,2025-01-03,909.1721379999999,177,74.0,Profit,Profit,2
0x8477e447846c758f5a675856001ea72298fd9cb5,2025-01-04,30.818079,51,73.0,Profit,Profit,2
0x8477e447846c758f5a675856001ea72298fd9cb5,2025-01-05,151.429584,51,72.0,Profit,Profit,2
0x8477e447846c758f5a675856001ea72298fd9cb5,2025-01-06,272.131501,266,76.0,Profit,Profit,2
0x8477e447846c758f5a675856001ea72298fd9cb5,2025-01-07,4334.417218,222,78.0,Profit,Profit,2
0x8477e447846c758f5a675856001ea72298fd9cb5,2025-01-08,1303.127763,390,70.0,Profit,Profit,2
0x8477e447846c758f5a675856001ea72298fd9cb5,2025-01-09,123.72129899999999,222,69.0,Profit,Profit,2
0x8477e447846c758f5a675856001ea72298fd9cb5,2025-01-10,1189.078864,254,50.0,Profit,Profit,2
0x8477e447846c758f5a675856001ea72298fd9cb5,2025-01-11,417.647169,82,69.0,Profit,Neutral,2
0x8477e447846c758f5a675856001ea72298fd9cb5,2025-01-12,0.0,15,62.0,Neutral,Profit,2
0x8477e447846c758f5a675856001ea72298fd9cb5,2025-01-13,2060.162946,58,61.0,Profit,Profit,2
0x8477e447846c758f5a675856001ea72298fd9cb5,2025-01-14,82.032118,13,63.0,Profit,Profit,2
0x8477e447846c758f5a675856001ea72298fd9cb5,2025-01-15,240.93138,64,70.0,Profit,Profit,2
0x8477e447846c758f5a675856001ea72298fd9cb5,2025-01-16,218.26223099999999,34,75.0,Profit,Profit,2
0x8477e447846c758f5a675856001ea72298fd9cb5,2025-01-17,43.69239,13,75.0,Profit,Profit,2
0x8477e447846c758f5a675856001ea72298fd9cb5,2025-01-18,1055.8044439999999,40,77.0,Profit,Neutral,2
0x8477e447846c758f5a675856001ea72298fd9cb5,2025-01-19,0.0,13,77.0,Neutral,Profit,2
0x8477e447846c758f5a675856001ea72298fd9cb5,2025-01-20,1876.265511,44,76.0,Profit,Profit,2
0x8477e447846c758f5a675856001ea72298fd9cb5,2025-01-21,201.672306,206,76.0,Profit,Profit,2
0x8477e447846c758f5a675856001ea72298fd9cb5,2025-01-22,261.367634,147,84.0,Profit,Profit,2
0x8477e447846c758f5a675856001ea72298fd9cb5,2025-01-23,7503.093009,275,75.0,Profit,Profit,2
0x8477e447846c758f5a675856001ea72298fd9cb5,2025-01-24,288.144978,61,75.0,Profit,Profit,2
0x8477e447846c758f5a675856001ea72298fd9cb5,2025-01-25,1125.196124,111,75.0,Profit,Profit,2
0x8477e447846c758f5a675856001ea72298fd9cb5,2025-01-26,444.464792,96,73.0,Profit,Profit,2
0x8477e447846c758f5a675856001ea72298fd9cb5,2025-01-27,4321.583225,31,71.0,Profit,Neutral,2
0x8477e447846c758f5a675856001ea72298fd9cb5,2025-01-29,0.0,13,72.0,Neutral,Neutral,2
0x8477e447846c758f5a675856001ea72298fd9cb5,2025-01-30,0.0,9,70.0,Neutral,Profit,2
0x8477e447846c758f5a675856001ea72298fd9cb5,2025-01-31,151.311363,66,76.0,Profit,Profit,2
0x8477e447846c758f5a675856001ea72298fd9cb5,2025-02-01,1579.909758,60,68.0,Profit,Profit,2
0x8477e447846c758f5a675856001ea72298fd9cb5,2025-02-02,1023.934713,60,60.0,Profit,Profit,2
0x8477e447846c758f5a675856001ea72298fd9cb5,2025-02-03,1474.607584,138,44.0,Profit,Neutral,2
0x8477e447846c758f5a675856001ea72298fd9cb5,2025-02-04,0.0,6,72.0,Neutral,Profit,2
0x8477e447846c758f5a675856001ea72298fd9cb5,2025-02-05,554.257954,20,54.0,Profit,Neutral,2
0x8477e447846c758f5a675856001ea72298fd9cb5,2025-02-07,0.0,6,44.0,Neutral,Profit,2
0x8477e447846c758f5a675856001ea72298fd9cb5,2025-02-08,131.753274,8,44.0,Profit,Profit,2
0x8477e447846c758f5a675856001ea72298fd9cb5,2025-02-09,312.034872,65,46.0,Profit,Profit,2
0x8477e447846c758f5a675856001ea72298fd9cb5,2025-02-10,131.17446,46,43.0,Profit,Profit,2
0x8477e447846c758f5a675856001ea72298fd9cb5,2025-02-11,56.537437,19,47.0,Profit,Profit,2
0x8477e447846c758f5a675856001ea72298fd9cb5,2025-02-12,299.669854,30,46.0,Profit,Profit,2
0x8477e447846c758f5a675856001ea72298fd9cb5,2025-02-13,181.456277,25,50.0,Profit,Neutral,2
0x8477e447846c758f5a675856001ea72298fd9cb5,2025-02-14,0.0,10,48.0,Neutral,Profit,2
0x8477e447846c758f5a675856001ea72298fd9cb5,2025-02-15,49.98382900000001,9,50.0,Profit,Neutral,2
0x8477e447846c758f5a675856001ea72298fd9cb5,2025-02-16,0.0,1,54.0,Neutral,Neutral,2
0x8477e447846c758f5a675856001ea72298fd9cb5,2025-02-17,0.0,20,51.0,Neutral,Profit,2
0x8477e447846c758f5a675856001ea72298fd9cb5,2025-02-18,950.815596,23,47.0,Profit,Neutral,2
0x8477e447846c758f5a675856001ea72298fd9cb5,2025-02-19,0.0,9,44.0,Neutral,Loss,2
0x8477e447846c758f5a675856001ea72298fd9cb5,2025-02-22,-80.922744,18,49.0,Loss,Profit,2
0x8477e447846c758f5a675856001ea72298fd9cb5,2025-02-23,63.922728,24,50.0,Profit,Profit,2
0x8477e447846c758f5a675856001ea72298fd9cb5,2025-02-24,1282.097568,55,49.0,Profit,Neutral,2
0x8477e447846c758f5a675856001ea72298fd9cb5,2025-02-25,0.0,4,25.0,Neutral,Profit,2
0x8477e447846c758f5a675856001ea72298fd9cb5,2025-02-26,108.13869,14,21.0,Profit,Neutral,2
0x8477e447846c758f5a675856001ea72298fd9cb5,2025-02-27,0.0,1,10.0,Neutral,Profit,2
0x8477e447846c758f5a675856001ea72298fd9cb5,2025-02-28,268.367925,19,16.0,Profit,Profit,2
0x8477e447846c758f5a675856001ea72298fd9cb5,2025-03-03,468.35197800000003,68,33.0,Profit,Profit,2
0x8477e447846c758f5a675856001ea72298fd9cb5,2025-03-04,54.2704,8,15.0,Profit,Profit,2
0x8477e447846c758f5a675856001ea72298fd9cb5,2025-03-05,34.86435,34,20.0,Profit,Neutral,2
0x8477e447846c758f5a675856001ea72298fd9cb5,2025-03-06,0.0,7,25.0,Neutral,Neutral,2
0x8477e447846c758f5a675856001ea72298fd9cb5,2025-03-07,9.266712,2,34.0,Neutral,Profit,2
0x8477e447846c758f5a675856001ea72298fd9cb5,2025-03-09,969.56792,35,27.0,Profit,Neutral,2
0x8477e447846c758f5a675856001ea72298fd9cb5,2025-03-10,0.0,3,20.0,Neutral,Profit,2
0x8477e447846c758f5a675856001ea72298fd9cb5,2025-03-11,94.48255800000001,8,24.0,Profit,Neutral,2
0x8477e447846c758f5a675856001ea72298fd9cb5,2025-03-12,0.0,3,34.0,Neutral,Neutral,2
0x8477e447846c758f5a675856001ea72298fd9cb5,2025-03-13,0.0,11,45.0,Neutral,Profit,2
0x8477e447846c758f5a675856001ea72298fd9cb5,2025-03-14,364.03788,5,27.0,Profit,Profit,2
0x8477e447846c758f5a675856001ea72298fd9cb5,2025-03-18,185.307189,24,34.0,Profit,Neutral,2
0x8477e447846c758f5a675856001ea72298fd9cb5,2025-03-19,0.0,9,32.0,Neutral,Profit,2
0x8477e447846c758f5a675856001ea72298fd9cb5,2025-03-20,65.297516,11,49.0,Profit,Neutral,2
0x8477e447846c758f5a675856001ea72298fd9cb5,2025-03-21,0.0,2,31.0,Neutral,Loss,2
0x8477e447846c758f5a675856001ea72298fd9cb5,2025-03-22,-41.40918,4,32.0,Loss,Profit,2
0x8477e447846c758f5a675856001ea72298fd9cb5,2025-03-23,178.247768,37,30.0,Profit,Neutral,2
0x8477e447846c758f5a675856001ea72298fd9cb5,2025-03-24,0.0,78,45.0,Neutral,Profit,2
0x8477e447846c758f5a675856001ea72298fd9cb5,2025-03-25,994.196069,36,46.0,Profit,Profit,2
0x8477e447846c758f5a675856001ea72298fd9cb5,2025-03-26,27.5033,9,47.0,Profit,Profit,2
0x8477e447846c758f5a675856001ea72298fd9cb5,2025-03-27,195.60777199999998,40,40.0,Profit,Profit,2
0x8477e447846c758f5a675856001ea72298fd9cb5,2025-03-28,1617.77036,37,44.0,Profit,Neutral,2
0x8477e447846c758f5a675856001ea72298fd9cb5,2025-03-29,7.57416,10,26.0,Neutral,Profit,2
0x8477e447846c758f5a675856001ea72298fd9cb5,2025-03-30,267.13403800000003,8,32.0,Profit,Profit,2
0x8477e447846c758f5a675856001ea72298fd9cb5,2025-03-31,92.902727,7,34.0,Profit,Neutral,2
0x8477e447846c758f5a675856001ea72298fd9cb5,2025-04-03,0.0,6,25.0,Neutral,Profit,2
0x8477e447846c758f5a675856001ea72298fd9cb5,2025-04-04,586.623362,54,28.0,Profit,Neutral,2
0x8477e447846c758f5a675856001ea72298fd9cb5,2025-04-05,0.0,4,30.0,Neutral,Profit,2
0x8477e447846c758f5a675856001ea72298fd9cb5,2025-04-06,67.080809,28,34.0,Profit,Profit,2
0x8477e447846c758f5a675856001ea72298fd9cb5,2025-04-07,632.303024,270,23.0,Profit,Profit,2
0x8477e447846c758f5a675856001ea72298fd9cb5,2025-04-08,81.035707,46,24.0,Profit,Profit,2
0x8477e447846c758f5a675856001ea72298fd9cb5,2025-04-09,500.847132,136,18.0,Profit,Loss,2
0x8477e447846c758f5a675856001ea72298fd9cb5,2025-04-10,-103.71342200000002,314,39.0,Loss,Profit,2
0x8477e447846c758f5a675856001ea72298fd9cb5,2025-04-11,19.202581000000002,61,25.0,Profit,Neutral,2
0x8477e447846c758f5a675856001ea72298fd9cb5,2025-04-12,0.0,24,43.0,Neutral,Profit,2
0x8477e447846c758f5a675856001ea72298fd9cb5,2025-04-13,1350.19094,287,45.0,Profit,Profit,2
0x8477e447846c758f5a675856001ea72298fd9cb5,2025-04-14,236.725655,23,31.0,Profit,Profit,2
0x8477e447846c758f5a675856001ea72298fd9cb5,2025-04-15,191.802066,38,38.0,Profit,Profit,2
0x8477e447846c758f5a675856001ea72298fd9cb5,2025-04-16,71.93199,4,29.0,Profit,Neutral,2
0x8477e447846c758f5a675856001ea72298fd9cb5,2025-04-18,0.0,20,33.0,Neutral,Neutral,2
0x8477e447846c758f5a675856001ea72298fd9cb5,2025-04-19,0.0,19,32.0,Neutral,Profit,2
0x8477e447846c758f5a675856001ea72298fd9cb5,2025-04-20,43.224447,44,37.0,Profit,Profit,2
0x8477e447846c758f5a675856001ea72298fd9cb5,2025-04-21,596.556385,108,39.0,Profit,Loss,2
0x8477e447846c758f5a675856001ea72298fd9cb5,2025-04-22,-180.07315699999998,988,47.0,Loss,Loss,2
0x8477e447846c758f5a675856001ea72298fd9cb5,2025-04-23,-27087.802198,1950,72.0,Loss,Profit,2
0x8477e447846c758f5a675856001ea72298fd9cb5,2025-04-24,2397.669518,117,63.0,Profit,Profit,2
0x8477e447846c758f5a675856001ea72298fd9cb5,2025-04-25,36.153454,207,60.0,Profit,Profit,2
0x8477e447846c758f5a675856001ea72298fd9cb5,2025-04-26,394.655169,70,65.0,Profit,Profit,2
0x8477e447846c758f5a675856001ea72298fd9cb5,2025-04-27,78.78402200000001,20,61.0,Profit,Loss,2
0x8477e447846c758f5a675856001ea72298fd9cb5,2025-04-28,-6424.928118,80,54.0,Loss,Loss,2
0x8477e447846c758f5a675856001ea72298fd9cb5,2025-04-29,-1793.442795,73,60.0,Loss,Loss,2
0x8477e447846c758f5a675856001ea72298fd9cb5,2025-04-30,-1053.418063,87,56.0,Loss,Loss,2
0x92f17e8d81a944691c10e753af1b1baae1a2cd0d,2024-12-13,0.0,162,76.0,Neutral,Neutral,1
0x92f17e8d81a944691c10e753af1b1baae1a2cd0d,2024-12-15,0.0,413,80.0,Neutral,Profit,1
0x92f17e8d81a944691c10e753af1b1baae1a2cd0d,2024-12-16,55.987393,2,83.0,Profit,Neutral,1
0x92f17e8d81a944691c10e753af1b1baae1a2cd0d,2024-12-17,0.0,1,87.0,Neutral,Neutral,1
0x92f17e8d81a944691c10e753af1b1baae1a2cd0d,2024-12-22,0.0,86,73.0,Neutral,Profit,1
0x92f17e8d81a944691c10e753af1b1baae1a2cd0d,2024-12-23,8639.369933,60,70.0,Profit,Neutral,1
0x92f17e8d81a944691c10e753af1b1baae1a2cd0d,2025-01-19,0.0,484,77.0,Neutral,Profit,1
0x92f17e8d81a944691c10e753af1b1baae1a2cd0d,2025-01-23,63464.28729,487,75.0,Profit,Profit,1
0x92f17e8d81a944691c10e753af1b1baae1a2cd0d,2025-01-29,21987.812579,636,72.0,Profit,Profit,1
0x92f17e8d81a944691c10e753af1b1baae1a2cd0d,2025-02-02,12245.905048999999,169,60.0,Profit,Neutral,1
0x92f17e8d81a944691c10e753af1b1baae1a2cd0d,2025-02-07,0.0,2,44.0,Neutral,Neutral,1
0x92f17e8d81a944691c10e753af1b1baae1a2cd0d,2025-02-08,0.0,152,44.0,Neutral,Neutral,1
0x92f17e8d81a944691c10e753af1b1baae1a2cd0d,2025-02-24,0.0,45,49.0,Neutral,Neutral,1
0x92f17e8d81a944691c10e753af1b1baae1a2cd0d,2025-02-25,0.0,8,25.0,Neutral,Profit,1
0x92f17e8d81a944691c10e753af1b1baae1a2cd0d,2025-04-07,3425.96095,68,23.0,Profit,Loss,1
0x92f17e8d81a944691c10e753af1b1baae1a2cd0d,2025-04-14,-621.54506,25,31.0,Loss,Neutral,1
0x92f17e8d81a944691c10e753af1b1baae1a2cd0d,2025-04-16,0.0,4,29.0,Neutral,Profit,1
0xa0feb3725a9335f49874d7cd8eaad6be45b27416,2024-12-13,2270.1241019999998,234,76.0,Profit,Profit,2
0xa0feb3725a9335f49874d7cd8eaad6be45b27416,2024-12-14,10281.503571,683,83.0,Profit,Profit,2
0xa0feb3725a9335f49874d7cd8eaad6be45b27416,2024-12-15,3932.676736,748,80.0,Profit,Profit,2
0xa0feb3725a9335f49874d7cd8eaad6be45b27416,2024-12-16,3923.071266,326,83.0,Profit,Profit,2
0xa0feb3725a9335f49874d7cd8eaad6be45b27416,2024-12-17,9080.193597,599,87.0,Profit,Profit,2
0xa0feb3725a9335f49874d7cd8eaad6be45b27416,2024-12-18,2755.818564,314,81.0,Profit,Profit,2
0xa0feb3725a9335f49874d7cd8eaad6be45b27416,2024-12-19,5687.811638,439,75.0,Profit,Profit,2
0xa0feb3725a9335f49874d7cd8eaad6be45b27416,2024-12-20,5930.482942,243,74.0,Profit,Profit,2
0xa0feb3725a9335f49874d7cd8eaad6be45b27416,2024-12-21,2600.050242,331,73.0,Profit,Profit,2
0xa0feb3725a9335f49874d7cd8eaad6be45b27416,2024-12-22,2718.982224,291,73.0,Profit,Neutral,2
0xa0feb3725a9335f49874d7cd8eaad6be45b27416,2024-12-23,0.0,3,70.0,Neutral,Neutral,2
0xa0feb3725a9335f49874d7cd8eaad6be45b27416,2024-12-24,0.0,1,73.0,Neutral,Neutral,2
0xa0feb3725a9335f49874d7cd8eaad6be45b27416,2025-01-15,0.0,2,70.0,Neutral,Neutral,2
0xa0feb3725a9335f49874d7cd8eaad6be45b27416,2025-01-18,0.0,53,77.0,Neutral,Neutral,2
0xa0feb3725a9335f49874d7cd8eaad6be45b27416,2025-01-20,0.0,1,76.0,Neutral,Profit,2
0xa0feb3725a9335f49874d7cd8eaad6be45b27416,2025-01-22,140.995116,20,84.0,Profit,Neutral,2
0xa0feb3725a9335f49874d7cd8eaad6be45b27416,2025-01-23,0.0,6,75.0,Neutral,Neutral,2
0xa0feb3725a9335f49874d7cd8eaad6be45b27416,2025-01-24,0.0,9,75.0,Neutral,Neutral,2
0xa0feb3725a9335f49874d7cd8eaad6be45b27416,2025-01-27,0.0,20,71.0,Neutral,Profit,2
0xa0feb3725a9335f49874d7cd8eaad6be45b27416,2025-01-31,9719.053192,65,76.0,Profit,Profit,2
0xa0feb3725a9335f49874d7cd8eaad6be45b27416,2025-02-01,923.487443,18,68.0,Profit,Neutral,2
0xa0feb3725a9335f49874d7cd8eaad6be45b27416,2025-02-02,0.0,29,60.0,Neutral,Profit,2
0xa0feb3725a9335f49874d7cd8eaad6be45b27416,2025-02-03,2161.6751200000003,15,44.0,Profit,Profit,2
0xa0feb3725a9335f49874d7cd8eaad6be45b27416,2025-02-04,4624.583773,731,72.0,Profit,Loss,2
0xa0feb3725a9335f49874d7cd8eaad6be45b27416,2025-02-05,-6194.283149,368,54.0,Loss,Profit,2
0xa0feb3725a9335f49874d7cd8eaad6be45b27416,2025-02-06,2780.135427,806,49.0,Profit,Profit,2
0xa0feb3725a9335f49874d7cd8eaad6be45b27416,2025-02-07,6119.377807,787,44.0,Profit,Profit,2
0xa0feb3725a9335f49874d7cd8eaad6be45b27416,2025-02-08,330.039883,328,44.0,Profit,Profit,2
0xa0feb3725a9335f49874d7cd8eaad6be45b27416,2025-02-09,183.593223,122,46.0,Profit,Profit,2
0xa0feb3725a9335f49874d7cd8eaad6be45b27416,2025-02-10,1338.39845,304,43.0,Profit,Profit,2
0xa0feb3725a9335f49874d7cd8eaad6be45b27416,2025-02-11,869.757103,183,47.0,Profit,Neutral,2
0xa0feb3725a9335f49874d7cd8eaad6be45b27416,2025-02-12,0.0,50,46.0,Neutral,Profit,2
0xa0feb3725a9335f49874d7cd8eaad6be45b27416,2025-02-13,1312.55815,399,50.0,Profit,Profit,2
0xa0feb3725a9335f49874d7cd8eaad6be45b27416,2025-02-14,414.743169,306,48.0,Profit,Profit,2
0xa0feb3725a9335f49874d7cd8eaad6be45b27416,2025-02-15,590.73516,466,50.0,Profit,Profit,2
0xa0feb3725a9335f49874d7cd8eaad6be45b27416,2025-02-16,819.9958,455,54.0,Profit,Profit,2
0xa0feb3725a9335f49874d7cd8eaad6be45b27416,2025-02-17,303.11202,284,51.0,Profit,Profit,2
0xa0feb3725a9335f49874d7cd8eaad6be45b27416,2025-02-18,3494.964308,413,47.0,Profit,Profit,2
0xa0feb3725a9335f49874d7cd8eaad6be45b27416,2025-02-19,1280.6095579999999,400,44.0,Profit,Profit,2
0xa0feb3725a9335f49874d7cd8eaad6be45b27416,2025-02-20,2866.872677,968,49.0,Profit,Profit,2
0xa0feb3725a9335f49874d7cd8eaad6be45b27416,2025-02-21,3417.71341,769,55.0,Profit,Profit,2
0xa0feb3725a9335f49874d7cd8eaad6be45b27416,2025-02-22,101.06290399999999,41,49.0,Profit,Neutral,2
0xa0feb3725a9335f49874d7cd8eaad6be45b27416,2025-02-23,0.0,53,50.0,Neutral,Neutral,2
0xa0feb3725a9335f49874d7cd8eaad6be45b27416,2025-02-24,0.0,42,49.0,Neutral,Profit,2
0xa0feb3725a9335f49874d7cd8eaad6be45b27416,2025-02-25,826.548369,193,25.0,Profit,Neutral,2
0xa0feb3725a9335f49874d7cd8eaad6be45b27416,2025-02-26,0.0,20,21.0,Neutral,Neutral,2
0xa0feb3725a9335f49874d7cd8eaad6be45b27416,2025-02-27,0.0,13,10.0,Neutral,Profit,2
0xa0feb3725a9335f49874d7cd8eaad6be45b27416,2025-02-28,1011.258943,197,16.0,Profit,Profit,2
0xa0feb3725a9335f49874d7cd8eaad6be45b27416,2025-03-02,625.512206,32,26.0,Profit,Profit,2
0xa0feb3725a9335f49874d7cd8eaad6be45b27416,2025-03-03,60.171373,176,33.0,Profit,Neutral,2
0xa0feb3725a9335f49874d7cd8eaad6be45b27416,2025-03-04,0.0,40,15.0,Neutral,Neutral,2
0xa0feb3725a9335f49874d7cd8eaad6be45b27416,2025-03-14,0.0,8,27.0,Neutral,Profit,2
0xa0feb3725a9335f49874d7cd8eaad6be45b27416,2025-04-15,73.34455,21,38.0,Profit,Profit,2
0xa0feb3725a9335f49874d7cd8eaad6be45b27416,2025-04-16,100.22198900000001,47,29.0,Profit,Profit,2
0xa0feb3725a9335f49874d7cd8eaad6be45b27416,2025-04-17,18.57004,13,30.0,Profit,Profit,2
0xa0feb3725a9335f49874d7cd8eaad6be45b27416,2025-04-23,6653.134804,550,72.0,Profit,Profit,2
0xa0feb3725a9335f49874d7cd8eaad6be45b27416,2025-04-24,1279.688605,334,63.0,Profit,Profit,2
0xa0feb3725a9335f49874d7cd8eaad6be45b27416,2025-04-25,4058.112969,138,60.0,Profit,Neutral,2
0xa0feb3725a9335f49874d7cd8eaad6be45b27416,2025-04-26,0.0,50,65.0,Neutral,Profit,2
0xa0feb3725a9335f49874d7cd8eaad6be45b27416,2025-04-27,147.309165,46,61.0,Profit,Profit,2
0xa0feb3725a9335f49874d7cd8eaad6be45b27416,2025-04-28,474.245409,155,54.0,Profit,Profit,2
0xa0feb3725a9335f49874d7cd8eaad6be45b27416,2025-04-29,1189.49741,214,60.0,Profit,Profit,2
0xa0feb3725a9335f49874d7cd8eaad6be45b27416,2025-04-30,1555.834562,345,56.0,Profit,Profit,2
0xa520ded057a32086c40e7dd6ed4eb8efb82c00e0,2024-08-03,0.0,16,37.0,Neutral,Loss,1
0xa520ded057a32086c40e7dd6ed4eb8efb82c00e0,2024-08-04,-14176.51042,10,34.0,Loss,Neutral,1
0xa520ded057a32086c40e7dd6ed4eb8efb82c00e0,2024-08-05,0.0,2,26.0,Neutral,Neutral,1
0xa520ded057a32086c40e7dd6ed4eb8efb82c00e0,2024-08-07,0.0,1,29.0,Neutral,Loss,1
0xa520ded057a32086c40e7dd6ed4eb8efb82c00e0,2024-08-08,-40.712216999999995,4,20.0,Loss,Neutral,1
0xa520ded057a32086c40e7dd6ed4eb8efb82c00e0,2024-08-09,0.0,2,48.0,Neutral,Loss,1
0xa520ded057a32086c40e7dd6ed4eb8efb82c00e0,2024-08-17,-288.283113,1,25.0,Loss,Neutral,1
0xa520ded057a32086c40e7dd6ed4eb8efb82c00e0,2024-08-18,0.0,1,31.0,Neutral,Neutral,1
0xa520ded057a32086c40e7dd6ed4eb8efb82c00e0,2024-08-21,0.0,2,26.0,Neutral,Neutral,1
0xa520ded057a32086c40e7dd6ed4eb8efb82c00e0,2024-09-08,0.0,1,29.0,Neutral,Loss,1
0xa520ded057a32086c40e7dd6ed4eb8efb82c00e0,2024-09-10,-219.729659,2,33.0,Loss,Neutral,1
0xa520ded057a32086c40e7dd6ed4eb8efb82c00e0,2024-10-17,0.0,1,71.0,Neutral,Profit,1
0xa520ded057a32086c40e7dd6ed4eb8efb82c00e0,2024-10-28,167.28016200000002,4,72.0,Profit,Profit,1
0xa520ded057a32086c40e7dd6ed4eb8efb82c00e0,2024-11-07,3360.9281,95,77.0,Profit,Neutral,1
0xa520ded057a32086c40e7dd6ed4eb8efb82c00e0,2024-11-13,0.0,1,84.0,Neutral,Profit,1
0xa520ded057a32086c40e7dd6ed4eb8efb82c00e0,2024-11-18,693.220788,9,83.0,Profit,Neutral,1
0xa520ded057a32086c40e7dd6ed4eb8efb82c00e0,2024-11-21,2.83504,1,82.0,Neutral,Neutral,1
0xa520ded057a32086c40e7dd6ed4eb8efb82c00e0,2024-11-29,0.0,21,78.0,Neutral,Profit,1
0xa520ded057a32086c40e7dd6ed4eb8efb82c00e0,2024-12-01,34709.852428,61,81.0,Profit,Neutral,1
0xa520ded057a32086c40e7dd6ed4eb8efb82c00e0,2024-12-03,0.0,34,76.0,Neutral,Neutral,1
0xa520ded057a32086c40e7dd6ed4eb8efb82c00e0,2024-12-10,0.0,8,78.0,Neutral,Profit,1
0xa520ded057a32086c40e7dd6ed4eb8efb82c00e0,2024-12-11,994.238977,15,74.0,Profit,Profit,1
0xa520ded057a32086c40e7dd6ed4eb8efb82c00e0,2024-12-12,2512.437585,4,83.0,Profit,Profit,1
0xa520ded057a32086c40e7dd6ed4eb8efb82c00e0,2024-12-16,2069.35811,13,83.0,Profit,Profit,1
0xa520ded057a32086c40e7dd6ed4eb8efb82c00e0,2024-12-17,256.200336,1,87.0,Profit,Profit,1
0xa520ded057a32086c40e7dd6ed4eb8efb82c00e0,2024-12-20,23353.625678,12,74.0,Profit,Profit,1
0xa520ded057a32086c40e7dd6ed4eb8efb82c00e0,2025-01-04,556.803152,5,73.0,Profit,Profit,1
0xa520ded057a32086c40e7dd6ed4eb8efb82c00e0,2025-01-14,7013.428624,12,63.0,Profit,Profit,1
0xa520ded057a32086c40e7dd6ed4eb8efb82c00e0,2025-01-21,2806.434723,8,76.0,Profit,Profit,1
0xa520ded057a32086c40e7dd6ed4eb8efb82c00e0,2025-01-27,12084.434144,56,71.0,Profit,Neutral,1
0xa520ded057a32086c40e7dd6ed4eb8efb82c00e0,2025-01-28,0.0,3,72.0,Neutral,Profit,1
0xa520ded057a32086c40e7dd6ed4eb8efb82c00e0,2025-02-03,20.596691,1,44.0,Profit,Profit,1
0xa520ded057a32086c40e7dd6ed4eb8efb82c00e0,2025-02-10,30.785143,2,43.0,Profit,Loss,1
0xa520ded057a32086c40e7dd6ed4eb8efb82c00e0,2025-03-08,-1121.6509429999999,2,28.0,Loss,Loss,1
0xa520ded057a32086c40e7dd6ed4eb8efb82c00e0,2025-04-08,-920.33629,1,24.0,Loss,Loss,1
0xa520ded057a32086c40e7dd6ed4eb8efb82c00e0,2025-04-10,-965.1214130000001,3,39.0,Loss,Loss,1
0xae5eacaf9c6b9111fd53034a602c192a04e082ed,2024-12-02,0.0,44,80.0,Neutral,Profit,1
0xae5eacaf9c6b9111fd53034a602c192a04e082ed,2024-12-03,20925.513222,145,76.0,Profit,Neutral,1
0xae5eacaf9c6b9111fd53034a602c192a04e082ed,2024-12-04,0.0,1,78.0,Neutral,Neutral,1
0xae5eacaf9c6b9111fd53034a602c192a04e082ed,2025-03-04,0.0,21,15.0,Neutral,Neutral,1
0xae5eacaf9c6b9111fd53034a602c192a04e082ed,2025-03-05,0.0,9,20.0,Neutral,Neutral,1
0xae5eacaf9c6b9111fd53034a602c192a04e082ed,2025-03-11,0.0,4,24.0,Neutral,Neutral,1
0xae5eacaf9c6b9111fd53034a602c192a04e082ed,2025-03-18,0.0,38,34.0,Neutral,Neutral,1
0xae5eacaf9c6b9111fd53034a602c192a04e082ed,2025-04-08,0.0,33,24.0,Neutral,Profit,1
0xae5eacaf9c6b9111fd53034a602c192a04e082ed,2025-04-09,622.41079,13,18.0,Profit,Profit,1
0xae5eacaf9c6b9111fd53034a602c192a04e082ed,2025-04-10,5615.909695,19,39.0,Profit,Profit,1
0xae5eacaf9c6b9111fd53034a602c192a04e082ed,2025-04-12,2513.430964,45,43.0,Profit,Neutral,1
0xae5eacaf9c6b9111fd53034a602c192a04e082ed,2025-04-21,0.0,21,39.0,Neutral,Profit,1
0xae5eacaf9c6b9111fd53034a602c192a04e082ed,2025-04-23,28100.700490000003,28,72.0,Profit,Profit,1
0xae5eacaf9c6b9111fd53034a602c192a04e082ed,2025-04-24,2587.44383,87,63.0,Profit,Profit,1
0xaf40fdc468c30116bd3307bcbf4a451a7ebf1deb,2024-12-09,0.0,4,78.0,Neutral,Profit,1
0xaf40fdc468c30116bd3307bcbf4a451a7ebf1deb,2024-12-11,39.7705,1,74.0,Profit,Profit,1
0xaf40fdc468c30116bd3307bcbf4a451a7ebf1deb,2024-12-12,15.24474,1,83.0,Profit,Neutral,1
0xaf40fdc468c30116bd3307bcbf4a451a7ebf1deb,2024-12-23,0.0,3,70.0,Neutral,Neutral,1
0xaf40fdc468c30116bd3307bcbf4a451a7ebf1deb,2024-12-24,3.43,1,73.0,Neutral,Loss,1
0xaf40fdc468c30116bd3307bcbf4a451a7ebf1deb,2025-03-16,-1017.424213,125,30.0,Loss,Loss,1
0xaf40fdc468c30116bd3307bcbf4a451a7ebf1deb,2025-03-17,-1646.3529,35,32.0,Loss,Neutral,1
0xaf40fdc468c30116bd3307bcbf4a451a7ebf1deb,2025-03-18,0.0,21,34.0,Neutral,Profit,1
0xaf40fdc468c30116bd3307bcbf4a451a7ebf1deb,2025-03-19,5304.480047,162,32.0,Profit,Neutral,1
0xaf40fdc468c30116bd3307bcbf4a451a7ebf1deb,2025-03-20,0.0,1,49.0,Neutral,Profit,1
0xaf40fdc468c30116bd3307bcbf4a451a7ebf1deb,2025-03-24,5070.619785,23,45.0,Profit,Neutral,1
0xaf40fdc468c30116bd3307bcbf4a451a7ebf1deb,2025-03-25,0.0,1,46.0,Neutral,Profit,1
0xaf40fdc468c30116bd3307bcbf4a451a7ebf1deb,2025-03-26,2087.063794,27,47.0,Profit,Profit,1
0xaf40fdc468c30116bd3307bcbf4a451a7ebf1deb,2025-03-27,894.0,21,40.0,Profit,Profit,1
0xaf40fdc468c30116bd3307bcbf4a451a7ebf1deb,2025-03-28,1342.0,54,44.0,Profit,Profit,1
0xaf40fdc468c30116bd3307bcbf4a451a7ebf1deb,2025-04-03,2020.0,8,25.0,Profit,Profit,1
0xaf40fdc468c30116bd3307bcbf4a451a7ebf1deb,2025-04-05,2400.0,8,30.0,Profit,Neutral,1
0xaf40fdc468c30116bd3307bcbf4a451a7ebf1deb,2025-04-07,0.0,17,23.0,Neutral,Profit,1
0xaf40fdc468c30116bd3307bcbf4a451a7ebf1deb,2025-04-11,5246.0,7,25.0,Profit,Neutral,1
0xb1231a4a2dd02f2276fa3c5e2a2f3436e6bfed23,2023-12-05,0.0,9,75.0,Neutral,Loss,2
0xb1231a4a2dd02f2276fa3c5e2a2f3436e6bfed23,2023-12-14,-205.43473700000007,11,72.0,Loss,Loss,2
0xb1231a4a2dd02f2276fa3c5e2a2f3436e6bfed23,2023-12-15,-24.632033999999997,2,70.0,Loss,Neutral,2
0xb1231a4a2dd02f2276fa3c5e2a2f3436e6bfed23,2023-12-16,0.0,3,67.0,Neutral,Profit,2
0xb1231a4a2dd02f2276fa3c5e2a2f3436e6bfed23,2023-12-17,304.982785,14,73.0,Profit,Neutral,2
0xb1231a4a2dd02f2276fa3c5e2a2f3436e6bfed23,2023-12-18,0.0,2,65.0,Neutral,Profit,2
0xb1231a4a2dd02f2276fa3c5e2a2f3436e6bfed23,2023-12-19,1000.5386120000001,15,73.0,Profit,Profit,2
0xb1231a4a2dd02f2276fa3c5e2a2f3436e6bfed23,2023-12-20,162.732282,18,74.0,Profit,Profit,2
0xb1231a4a2dd02f2276fa3c5e2a2f3436e6bfed23,2023-12-21,537.211402,49,70.0,Profit,Profit,2
0xb1231a4a2dd02f2276fa3c5e2a2f3436e6bfed23,2023-12-22,141.832675,10,74.0,Profit,Profit,2
0xb1231a4a2dd02f2276fa3c5e2a2f3436e6bfed23,2023-12-23,146.936704,13,70.0,Profit,Profit,2
0xb1231a4a2dd02f2276fa3c5e2a2f3436e6bfed23,2023-12-24,1008.619956,39,71.0,Profit,Loss,2
0xb1231a4a2dd02f2276fa3c5e2a2f3436e6bfed23,2023-12-25,-245.081348,3,73.0,Loss,Loss,2
0xb1231a4a2dd02f2276fa3c5e2a2f3436e6bfed23,2023-12-27,-704.8892269999999,28,73.0,Loss,Loss,2
0xb1231a4a2dd02f2276fa3c5e2a2f3436e6bfed23,2023-12-28,-970.730876,23,73.0,Loss,Profit,2
0xb1231a4a2dd02f2276fa3c5e2a2f3436e6bfed23,2023-12-29,508.92214299999995,50,65.0,Profit,Profit,2
0xb1231a4a2dd02f2276fa3c5e2a2f3436e6bfed23,2023-12-30,354.998648,52,68.0,Profit,Loss,2
0xb1231a4a2dd02f2276fa3c5e2a2f3436e6bfed23,2024-01-01,-129.53146,18,65.0,Loss,Profit,2
0xb1231a4a2dd02f2276fa3c5e2a2f3436e6bfed23,2024-01-02,783.979116,17,71.0,Profit,Profit,2
0xb1231a4a2dd02f2276fa3c5e2a2f3436e6bfed23,2024-01-03,866.015507,67,70.0,Profit,Loss,2
0xb1231a4a2dd02f2276fa3c5e2a2f3436e6bfed23,2024-01-04,-67.60364,5,68.0,Loss,Profit,2
0xb1231a4a2dd02f2276fa3c5e2a2f3436e6bfed23,2024-01-05,164.141565,66,72.0,Profit,Profit,2
0xb1231a4a2dd02f2276fa3c5e2a2f3436e6bfed23,2024-01-06,135.58166400000002,22,70.0,Profit,Loss,2
0xb1231a4a2dd02f2276fa3c5e2a2f3436e6bfed23,2024-01-07,-835.681235,97,71.0,Loss,Loss,2
0xb1231a4a2dd02f2276fa3c5e2a2f3436e6bfed23,2024-01-08,-269.874439,128,71.0,Loss,Loss,2
0xb1231a4a2dd02f2276fa3c5e2a2f3436e6bfed23,2024-01-09,-826.349863,70,76.0,Loss,Loss,2
0xb1231a4a2dd02f2276fa3c5e2a2f3436e6bfed23,2024-01-10,-1517.091342,193,73.0,Loss,Loss,2
0xb1231a4a2dd02f2276fa3c5e2a2f3436e6bfed23,2024-01-11,-164.08950099999998,19,76.0,Loss,Loss,2
0xb1231a4a2dd02f2276fa3c5e2a2f3436e6bfed23,2024-01-12,-1925.519024,7,71.0,Loss,Neutral,2
0xb1231a4a2dd02f2276fa3c5e2a2f3436e6bfed23,2024-01-15,0.0,5,52.0,Neutral,Profit,2
0xb1231a4a2dd02f2276fa3c5e2a2f3436e6bfed23,2024-01-16,939.6285419999999,3,64.0,Profit,Profit,2
0xb1231a4a2dd02f2276fa3c5e2a2f3436e6bfed23,2024-01-17,813.2741110000001,53,60.0,Profit,Profit,2
0xb1231a4a2dd02f2276fa3c5e2a2f3436e6bfed23,2024-01-18,68.93319,46,63.0,Profit,Loss,2
0xb1231a4a2dd02f2276fa3c5e2a2f3436e6bfed23,2024-01-19,-385.215235,39,51.0,Loss,Loss,2
0xb1231a4a2dd02f2276fa3c5e2a2f3436e6bfed23,2024-01-20,-146.57487000000003,106,52.0,Loss,Profit,2
0xb1231a4a2dd02f2276fa3c5e2a2f3436e6bfed23,2024-01-21,266.58114600000005,11,56.0,Profit,Profit,2
0xb1231a4a2dd02f2276fa3c5e2a2f3436e6bfed23,2024-01-22,209.39217099999996,37,55.0,Profit,Loss,2
0xb1231a4a2dd02f2276fa3c5e2a2f3436e6bfed23,2024-01-23,-369.2447299999998,45,50.0,Loss,Loss,2
0xb1231a4a2dd02f2276fa3c5e2a2f3436e6bfed23,2024-01-24,-2808.353815,68,48.0,Loss,Loss,2
0xb1231a4a2dd02f2276fa3c5e2a2f3436e6bfed23,2024-01-25,-3093.6293849999997,6,52.0,Loss,Neutral,2
0xb1231a4a2dd02f2276fa3c5e2a2f3436e6bfed23,2024-01-26,0.0,3,49.0,Neutral,Profit,2
0xb1231a4a2dd02f2276fa3c5e2a2f3436e6bfed23,2024-01-29,484.847102,72,55.0,Profit,Loss,2
0xb1231a4a2dd02f2276fa3c5e2a2f3436e6bfed23,2024-01-30,-173.65419100000003,49,61.0,Loss,Loss,2
0xb1231a4a2dd02f2276fa3c5e2a2f3436e6bfed23,2024-01-31,-799.840817,859,60.0,Loss,Neutral,2
0xb1231a4a2dd02f2276fa3c5e2a2f3436e6bfed23,2024-02-01,0.0,6,63.0,Neutral,Profit,2
0xb1231a4a2dd02f2276fa3c5e2a2f3436e6bfed23,2024-02-02,456.423473,42,63.0,Profit,Profit,2
0xb1231a4a2dd02f2276fa3c5e2a2f3436e6bfed23,2024-02-03,223.30918699999998,56,60.0,Profit,Profit,2
0xb1231a4a2dd02f2276fa3c5e2a2f3436e6bfed23,2024-02-04,47.62389499999999,35,60.0,Profit,Loss,2
0xb1231a4a2dd02f2276fa3c5e2a2f3436e6bfed23,2024-02-05,-33.45419400000003,72,60.0,Loss,Loss,2
0xb1231a4a2dd02f2276fa3c5e2a2f3436e6bfed23,2024-02-06,-215.615907,1088,64.0,Loss,Profit,2
0xb1231a4a2dd02f2276fa3c5e2a2f3436e6bfed23,2024-02-07,241.24212,15,62.0,Profit,Profit,2
0xb1231a4a2dd02f2276fa3c5e2a2f3436e6bfed23,2024-02-08,770.756024,10,66.0,Profit,Profit,2
0xb1231a4a2dd02f2276fa3c5e2a2f3436e6bfed23,2024-02-11,983.443176,34,71.0,Profit,Profit,2
0xb1231a4a2dd02f2276fa3c5e2a2f3436e6bfed23,2024-02-12,913.8817869999998,16,70.0,Profit,Profit,2
0xb1231a4a2dd02f2276fa3c5e2a2f3436e6bfed23,2024-02-13,559.44389,14,79.0,Profit,Profit,2
0xb1231a4a2dd02f2276fa3c5e2a2f3436e6bfed23,2024-02-14,191.29666400000002,23,74.0,Profit,Profit,2
0xb1231a4a2dd02f2276fa3c5e2a2f3436e6bfed23,2024-02-15,816.0903969999999,11,72.0,Profit,Neutral,2
0xb1231a4a2dd02f2276fa3c5e2a2f3436e6bfed23,2024-02-16,0.0,12,72.0,Neutral,Profit,2
0xb1231a4a2dd02f2276fa3c5e2a2f3436e6bfed23,2024-02-17,259.62944200000004,30,76.0,Profit,Neutral,2
0xb1231a4a2dd02f2276fa3c5e2a2f3436e6bfed23,2024-02-19,-8.05898,6,75.0,Neutral,Profit,2
0xb1231a4a2dd02f2276fa3c5e2a2f3436e6bfed23,2024-02-20,210.315294,4,72.0,Profit,Neutral,2
0xb1231a4a2dd02f2276fa3c5e2a2f3436e6bfed23,2024-02-21,0.0,1,78.0,Neutral,Neutral,2
0xb1231a4a2dd02f2276fa3c5e2a2f3436e6bfed23,2024-02-22,0.0,2,74.0,Neutral,Neutral,2
0xb1231a4a2dd02f2276fa3c5e2a2f3436e6bfed23,2024-02-26,0.0,2,72.0,Neutral,Profit,2
0xb1231a4a2dd02f2276fa3c5e2a2f3436e6bfed23,2024-02-27,576.38114,8,79.0,Profit,Profit,2
0xb1231a4a2dd02f2276fa3c5e2a2f3436e6bfed23,2024-02-29,1320.804256,7,80.0,Profit,Loss,2
0xb1231a4a2dd02f2276fa3c5e2a2f3436e6bfed23,2024-03-02,-1443.814567,7,80.0,Loss,Profit,2
0xb1231a4a2dd02f2276fa3c5e2a2f3436e6bfed23,2024-03-04,1026.004099,13,82.0,Profit,Profit,2
0xb1231a4a2dd02f2276fa3c5e2a2f3436e6bfed23,2024-03-15,388.830831,19,83.0,Profit,Neutral,2
0xb1231a4a2dd02f2276fa3c5e2a2f3436e6bfed23,2024-03-16,0.0,2,81.0,Neutral,Neutral,2
0xb1231a4a2dd02f2276fa3c5e2a2f3436e6bfed23,2024-03-17,0.0,2,79.0,Neutral,Profit,2
0xb1231a4a2dd02f2276fa3c5e2a2f3436e6bfed23,2024-03-18,212.3193,1,77.0,Profit,Loss,2
0xb1231a4a2dd02f2276fa3c5e2a2f3436e6bfed23,2024-03-19,-174.00152,10,79.0,Loss,Profit,2
0xb1231a4a2dd02f2276fa3c5e2a2f3436e6bfed23,2024-03-20,3829.986976,10,74.0,Profit,Profit,2
0xb1231a4a2dd02f2276fa3c5e2a2f3436e6bfed23,2024-03-21,238.326075,4,78.0,Profit,Neutral,2
0xb1231a4a2dd02f2276fa3c5e2a2f3436e6bfed23,2024-04-02,0.0,4,79.0,Neutral,Neutral,2
0xb1231a4a2dd02f2276fa3c5e2a2f3436e6bfed23,2024-04-03,0.0,2,71.0,Neutral,Profit,2
0xb1231a4a2dd02f2276fa3c5e2a2f3436e6bfed23,2024-04-05,965.5522159999999,8,79.0,Profit,Loss,2
0xb1231a4a2dd02f2276fa3c5e2a2f3436e6bfed23,2024-04-12,-2830.444513,15,79.0,Loss,Neutral,2
0xb1231a4a2dd02f2276fa3c5e2a2f3436e6bfed23,2024-04-26,0.0,3,70.0,Neutral,Neutral,2
0xb1231a4a2dd02f2276fa3c5e2a2f3436e6bfed23,2024-04-28,0.0,50,65.0,Neutral,Neutral,2
0xb1231a4a2dd02f2276fa3c5e2a2f3436e6bfed23,2024-04-29,0.0,14,67.0,Neutral,Neutral,2
0xb1231a4a2dd02f2276fa3c5e2a2f3436e6bfed23,2024-05-03,0.0,6,48.0,Neutral,Neutral,2
0xb1231a4a2dd02f2276fa3c5e2a2f3436e6bfed23,2024-05-04,0.0,3,67.0,Neutral,Profit,2
0xb1231a4a2dd02f2276fa3c5e2a2f3436e6bfed23,2024-05-07,227.320653,7,68.0,Profit,Neutral,2
0xb1231a4a2dd02f2276fa3c5e2a2f3436e6bfed23,2024-05-09,0.0,3,55.0,Neutral,Neutral,2
0xb1231a4a2dd02f2276fa3c5e2a2f3436e6bfed23,2024-05-12,0.0,13,56.0,Neutral,Neutral,2
0xb1231a4a2dd02f2276fa3c5e2a2f3436e6bfed23,2024-05-13,0.0,3,57.0,Neutral,Neutral,2
0xb1231a4a2dd02f2276fa3c5e2a2f3436e6bfed23,2024-05-16,0.0,3,70.0,Neutral,Loss,2
0xb1231a4a2dd02f2276fa3c5e2a2f3436e6bfed23,2024-05-20,-74.818442,3,70.0,Loss,Profit,2
0xb1231a4a2dd02f2276fa3c5e2a2f3436e6bfed23,2024-05-21,1272.088356,72,76.0,Profit,Neutral,2
0xb1231a4a2dd02f2276fa3c5e2a2f3436e6bfed23,2024-05-23,0.0,19,76.0,Neutral,Profit,2
0xb1231a4a2dd02f2276fa3c5e2a2f3436e6bfed23,2024-05-24,821.949278,2,74.0,Profit,Neutral,2
0xb1231a4a2dd02f2276fa3c5e2a2f3436e6bfed23,2024-05-25,0.0,2,76.0,Neutral,Profit,2
0xb1231a4a2dd02f2276fa3c5e2a2f3436e6bfed23,2024-05-26,773.4582,9,75.0,Profit,Neutral,2
0xb1231a4a2dd02f2276fa3c5e2a2f3436e6bfed23,2024-06-07,0.0,14,77.0,Neutral,Neutral,2
0xb1231a4a2dd02f2276fa3c5e2a2f3436e6bfed23,2024-06-09,0.0,12,75.0,Neutral,Profit,2
0xb1231a4a2dd02f2276fa3c5e2a2f3436e6bfed23,2024-06-11,4269.550668,75,74.0,Profit,Neutral,2
0xb1231a4a2dd02f2276fa3c5e2a2f3436e6bfed23,2024-06-12,0.0,37,72.0,Neutral,Profit,2
0xb1231a4a2dd02f2276fa3c5e2a2f3436e6bfed23,2024-06-13,6634.160155,78,70.0,Profit,Profit,2
0xb1231a4a2dd02f2276fa3c5e2a2f3436e6bfed23,2024-06-14,10258.592609,15,74.0,Profit,Profit,2
0xb1231a4a2dd02f2276fa3c5e2a2f3436e6bfed23,2024-06-15,1285.5244400000001,40,74.0,Profit,Neutral,2
0xb1231a4a2dd02f2276fa3c5e2a2f3436e6bfed23,2024-06-16,0.0,11,71.0,Neutral,Profit,2
0xb1231a4a2dd02f2276fa3c5e2a2f3436e6bfed23,2024-06-17,9330.743339,24,71.0,Profit,Profit,2
0xb1231a4a2dd02f2276fa3c5e2a2f3436e6bfed23,2024-06-18,282.57636,18,74.0,Profit,Profit,2
0xb1231a4a2dd02f2276fa3c5e2a2f3436e6bfed23,2024-06-19,2833.6833,41,64.0,Profit,Neutral,2
0xb1231a4a2dd02f2276fa3c5e2a2f3436e6bfed23,2024-06-20,0.0,27,60.0,Neutral,Neutral,2
0xb1231a4a2dd02f2276fa3c5e2a2f3436e6bfed23,2024-06-21,0.0,69,63.0,Neutral,Profit,2
0xb1231a4a2dd02f2276fa3c5e2a2f3436e6bfed23,2024-06-22,756.876565,21,53.0,Profit,Neutral,2
0xb1231a4a2dd02f2276fa3c5e2a2f3436e6bfed23,2024-06-23,0.0,5,55.0,Neutral,Neutral,2
0xb1231a4a2dd02f2276fa3c5e2a2f3436e6bfed23,2024-06-24,0.0,10,51.0,Neutral,Profit,2
0xb1231a4a2dd02f2276fa3c5e2a2f3436e6bfed23,2024-06-25,4869.353105,49,30.0,Profit,Neutral,2
0xb1231a4a2dd02f2276fa3c5e2a2f3436e6bfed23,2024-06-26,0.0,41,46.0,Neutral,Neutral,2
0xb1231a4a2dd02f2276fa3c5e2a2f3436e6bfed23,2024-06-27,0.0,18,40.0,Neutral,Profit,2
0xb1231a4a2dd02f2276fa3c5e2a2f3436e6bfed23,2024-06-29,4307.587820000001,58,30.0,Profit,Neutral,2
0xb1231a4a2dd02f2276fa3c5e2a2f3436e6bfed23,2024-06-30,0.0,11,47.0,Neutral,Profit,2
0xb1231a4a2dd02f2276fa3c5e2a2f3436e6bfed23,2024-07-01,3863.351096,51,53.0,Profit,Profit,2
0xb1231a4a2dd02f2276fa3c5e2a2f3436e6bfed23,2024-07-02,2421.253116,18,51.0,Profit,Neutral,2
0xb1231a4a2dd02f2276fa3c5e2a2f3436e6bfed23,2024-07-03,0.0,8,50.0,Neutral,Neutral,2
0xb1231a4a2dd02f2276fa3c5e2a2f3436e6bfed23,2024-07-04,0.0,11,44.0,Neutral,Neutral,2
0xb1231a4a2dd02f2276fa3c5e2a2f3436e6bfed23,2024-07-05,0.0,12,29.0,Neutral,Profit,2
0xb1231a4a2dd02f2276fa3c5e2a2f3436e6bfed23,2024-07-06,108.87217799999999,24,26.0,Profit,Profit,2
0xb1231a4a2dd02f2276fa3c5e2a2f3436e6bfed23,2024-07-07,61.428942,10,29.0,Profit,Neutral,2
0xb1231a4a2dd02f2276fa3c5e2a2f3436e6bfed23,2024-07-08,0.0,1,28.0,Neutral,Profit,2
0xb1231a4a2dd02f2276fa3c5e2a2f3436e6bfed23,2024-07-09,648.984412,15,27.0,Profit,Profit,2
0xb1231a4a2dd02f2276fa3c5e2a2f3436e6bfed23,2024-07-10,382.10788099999996,13,28.0,Profit,Profit,2
0xb1231a4a2dd02f2276fa3c5e2a2f3436e6bfed23,2024-07-12,1412.314654,9,25.0,Profit,Profit,2
0xb1231a4a2dd02f2276fa3c5e2a2f3436e6bfed23,2024-07-13,234.778463,4,25.0,Profit,Neutral,2
0xb1231a4a2dd02f2276fa3c5e2a2f3436e6bfed23,2024-07-17,0.0,7,69.0,Neutral,Neutral,2
0xb1231a4a2dd02f2276fa3c5e2a2f3436e6bfed23,2024-07-24,0.0,35,69.0,Neutral,Profit,2
0xb1231a4a2dd02f2276fa3c5e2a2f3436e6bfed23,2024-07-25,916.7382600000001,12,68.0,Profit,Profit,2
0xb1231a4a2dd02f2276fa3c5e2a2f3436e6bfed23,2024-07-26,2425.262989,30,68.0,Profit,Profit,2
0xb1231a4a2dd02f2276fa3c5e2a2f3436e6bfed23,2024-07-29,112.946925,24,74.0,Profit,Neutral,2
0xb1231a4a2dd02f2276fa3c5e2a2f3436e6bfed23,2024-08-01,0.0,9,52.0,Neutral,Profit,2
0xb1231a4a2dd02f2276fa3c5e2a2f3436e6bfed23,2024-08-02,554.12049,12,57.0,Profit,Neutral,2
0xb1231a4a2dd02f2276fa3c5e2a2f3436e6bfed23,2024-08-03,0.0,6,37.0,Neutral,Neutral,2
0xb1231a4a2dd02f2276fa3c5e2a2f3436e6bfed23,2024-08-04,0.0,27,34.0,Neutral,Loss,2
0xb1231a4a2dd02f2276fa3c5e2a2f3436e6bfed23,2024-08-05,-8394.889856,44,26.0,Loss,Profit,2
0xb1231a4a2dd02f2276fa3c5e2a2f3436e6bfed23,2024-08-06,51.56325,80,17.0,Profit,Profit,2
0xb1231a4a2dd02f2276fa3c5e2a2f3436e6bfed23,2024-08-07,188.789255,21,29.0,Profit,Neutral,2
0xb1231a4a2dd02f2276fa3c5e2a2f3436e6bfed23,2024-08-08,0.0,5,20.0,Neutral,Profit,2
0xb1231a4a2dd02f2276fa3c5e2a2f3436e6bfed23,2024-08-09,6783.078347,60,48.0,Profit,Neutral,2
0xb1231a4a2dd02f2276fa3c5e2a2f3436e6bfed23,2024-08-10,0.0,87,40.0,Neutral,Neutral,2
0xb1231a4a2dd02f2276fa3c5e2a2f3436e6bfed23,2024-08-11,0.0,16,39.0,Neutral,Neutral,2
0xb1231a4a2dd02f2276fa3c5e2a2f3436e6bfed23,2024-08-12,0.0,31,25.0,Neutral,Profit,2
0xb1231a4a2dd02f2276fa3c5e2a2f3436e6bfed23,2024-08-13,212.08102,17,31.0,Profit,Neutral,2
0xb1231a4a2dd02f2276fa3c5e2a2f3436e6bfed23,2024-08-14,0.0,15,30.0,Neutral,Neutral,2
0xb1231a4a2dd02f2276fa3c5e2a2f3436e6bfed23,2024-08-15,0.0,12,29.0,Neutral,Profit,2
0xb1231a4a2dd02f2276fa3c5e2a2f3436e6bfed23,2024-08-16,825.230544,33,27.0,Profit,Profit,2
0xb1231a4a2dd02f2276fa3c5e2a2f3436e6bfed23,2024-08-19,339.69958299999996,8,28.0,Profit,Neutral,2
0xb1231a4a2dd02f2276fa3c5e2a2f3436e6bfed23,2024-08-24,0.0,5,56.0,Neutral,Neutral,2
0xb1231a4a2dd02f2276fa3c5e2a2f3436e6bfed23,2024-08-25,0.0,13,54.0,Neutral,Neutral,2
0xb1231a4a2dd02f2276fa3c5e2a2f3436e6bfed23,2024-08-26,0.0,1,55.0,Neutral,Neutral,2
0xb1231a4a2dd02f2276fa3c5e2a2f3436e6bfed23,2024-08-27,0.0,43,48.0,Neutral,Profit,2
0xb1231a4a2dd02f2276fa3c5e2a2f3436e6bfed23,2024-08-28,1333.359645,2,30.0,Profit,Neutral,2
0xb1231a4a2dd02f2276fa3c5e2a2f3436e6bfed23,2024-08-29,0.0,1,29.0,Neutral,Profit,2
0xb1231a4a2dd02f2276fa3c5e2a2f3436e6bfed23,2024-08-30,256.464,1,34.0,Profit,Neutral,2
0xb1231a4a2dd02f2276fa3c5e2a2f3436e6bfed23,2024-08-31,0.0,9,29.0,Neutral,Profit,2
0xb1231a4a2dd02f2276fa3c5e2a2f3436e6bfed23,2024-09-04,1065.785132,33,27.0,Profit,Loss,2
0xb1231a4a2dd02f2276fa3c5e2a2f3436e6bfed23,2024-09-06,-1104.856765,38,22.0,Loss,Neutral,2
0xb1231a4a2dd02f2276fa3c5e2a2f3436e6bfed23,2024-09-09,0.0,2,26.0,Neutral,Neutral,2
0xb1231a4a2dd02f2276fa3c5e2a2f3436e6bfed23,2024-09-10,0.0,1,33.0,Neutral,Neutral,2
0xb1231a4a2dd02f2276fa3c5e2a2f3436e6bfed23,2024-09-14,0.0,10,50.0,Neutral,Loss,2
0xb1231a4a2dd02f2276fa3c5e2a2f3436e6bfed23,2024-09-18,-878.684794,145,45.0,Loss,Neutral,2
0xb1231a4a2dd02f2276fa3c5e2a2f3436e6bfed23,2024-09-19,0.0,19,49.0,Neutral,Neutral,2
0xb1231a4a2dd02f2276fa3c5e2a2f3436e6bfed23,2024-09-24,0.0,9,54.0,Neutral,Neutral,2
0xb1231a4a2dd02f2276fa3c5e2a2f3436e6bfed23,2024-10-04,0.0,1,41.0,Neutral,Neutral,2
0xb1231a4a2dd02f2276fa3c5e2a2f3436e6bfed23,2024-10-08,0.0,1,49.0,Neutral,Profit,2
0xb1231a4a2dd02f2276fa3c5e2a2f3436e6bfed23,2024-12-04,274999.139393,44,78.0,Profit,Profit,2
0xb1231a4a2dd02f2276fa3c5e2a2f3436e6bfed23,2024-12-05,49999.876084999996,4,84.0,Profit,Profit,2
0xb1231a4a2dd02f2276fa3c5e2a2f3436e6bfed23,2024-12-06,74999.848329,25,72.0,Profit,Profit,2
0xb1231a4a2dd02f2276fa3c5e2a2f3436e6bfed23,2024-12-07,74999.62263,5,75.0,Profit,Neutral,2
0xb1231a4a2dd02f2276fa3c5e2a2f3436e6bfed23,2024-12-08,0.0,145,79.0,Neutral,Profit,2
0xb1231a4a2dd02f2276fa3c5e2a2f3436e6bfed23,2024-12-11,274998.942584,156,74.0,Profit,Profit,2
0xb1231a4a2dd02f2276fa3c5e2a2f3436e6bfed23,2024-12-12,449328.107544,314,83.0,Profit,Profit,2
0xb1231a4a2dd02f2276fa3c5e2a2f3436e6bfed23,2024-12-14,100273.248286,50,83.0,Profit,Profit,2
0xb1231a4a2dd02f2276fa3c5e2a2f3436e6bfed23,2024-12-15,49955.768945,26,80.0,Profit,Profit,2
0xb1231a4a2dd02f2276fa3c5e2a2f3436e6bfed23,2024-12-17,50346.757308,38,87.0,Profit,Profit,2
0xb1231a4a2dd02f2276fa3c5e2a2f3436e6bfed23,2024-12-18,2222.47801,18,81.0,Profit,Neutral,2
0xb1231a4a2dd02f2276fa3c5e2a2f3436e6bfed23,2024-12-20,0.0,43,74.0,Neutral,Neutral,2
0xb1231a4a2dd02f2276fa3c5e2a2f3436e6bfed23,2024-12-21,0.0,62,73.0,Neutral,Profit,2
0xb1231a4a2dd02f2276fa3c5e2a2f3436e6bfed23,2024-12-23,20549.813184,63,70.0,Profit,Neutral,2
0xb1231a4a2dd02f2276fa3c5e2a2f3436e6bfed23,2024-12-24,0.0,7,73.0,Neutral,Profit,2
0xb1231a4a2dd02f2276fa3c5e2a2f3436e6bfed23,2024-12-26,10371.049075,61,79.0,Profit,Neutral,2
0xb1231a4a2dd02f2276fa3c5e2a2f3436e6bfed23,2024-12-30,0.0,25,65.0,Neutral,Neutral,2
0xb1231a4a2dd02f2276fa3c5e2a2f3436e6bfed23,2025-01-02,0.0,6,70.0,Neutral,Neutral,2
0xb1231a4a2dd02f2276fa3c5e2a2f3436e6bfed23,2025-01-03,0.0,18,74.0,Neutral,Profit,2
0xb1231a4a2dd02f2276fa3c5e2a2f3436e6bfed23,2025-01-04,1659.7995640000001,19,73.0,Profit,Profit,2
0xb1231a4a2dd02f2276fa3c5e2a2f3436e6bfed23,2025-01-05,956.5545050000001,33,72.0,Profit,Profit,2
0xb1231a4a2dd02f2276fa3c5e2a2f3436e6bfed23,2025-01-06,281.45074800000003,85,76.0,Profit,Neutral,2
0xb1231a4a2dd02f2276fa3c5e2a2f3436e6bfed23,2025-01-08,0.0,16,70.0,Neutral,Profit,2
0xb1231a4a2dd02f2276fa3c5e2a2f3436e6bfed23,2025-01-15,5383.278555,11,70.0,Profit,Profit,2
0xb1231a4a2dd02f2276fa3c5e2a2f3436e6bfed23,2025-01-16,897.284184,23,75.0,Profit,Profit,2
0xb1231a4a2dd02f2276fa3c5e2a2f3436e6bfed23,2025-01-18,7393.785411,101,77.0,Profit,Profit,2
0xb1231a4a2dd02f2276fa3c5e2a2f3436e6bfed23,2025-01-19,3867.854339,3,77.0,Profit,Neutral,2
0xb1231a4a2dd02f2276fa3c5e2a2f3436e6bfed23,2025-01-20,0.0,23,76.0,Neutral,Profit,2
0xb1231a4a2dd02f2276fa3c5e2a2f3436e6bfed23,2025-01-21,2997.363771,52,76.0,Profit,Neutral,2
0xb1231a4a2dd02f2276fa3c5e2a2f3436e6bfed23,2025-01-22,0.0,111,84.0,Neutral,Profit,2
0xb1231a4a2dd02f2276fa3c5e2a2f3436e6bfed23,2025-01-23,25224.994585,90,75.0,Profit,Neutral,2
0xb1231a4a2dd02f2276fa3c5e2a2f3436e6bfed23,2025-01-25,0.0,15,75.0,Neutral,Neutral,2
0xb1231a4a2dd02f2276fa3c5e2a2f3436e6bfed23,2025-01-27,0.0,13,71.0,Neutral,Neutral,2
0xb1231a4a2dd02f2276fa3c5e2a2f3436e6bfed23,2025-01-29,0.0,40,72.0,Neutral,Profit,2
0xb1231a4a2dd02f2276fa3c5e2a2f3436e6bfed23,2025-01-30,2503.8204370000003,336,70.0,Profit,Neutral,2
0xb1231a4a2dd02f2276fa3c5e2a2f3436e6bfed23,2025-01-31,0.0,58,76.0,Neutral,Profit,2
0xb1231a4a2dd02f2276fa3c5e2a2f3436e6bfed23,2025-02-01,15452.344326,11,68.0,Profit,Profit,2
0xb1231a4a2dd02f2276fa3c5e2a2f3436e6bfed23,2025-02-02,69051.70619,88,60.0,Profit,Profit,2
0xb1231a4a2dd02f2276fa3c5e2a2f3436e6bfed23,2025-02-03,46742.288748,258,44.0,Profit,Profit,2
0xb1231a4a2dd02f2276fa3c5e2a2f3436e6bfed23,2025-02-04,16102.444634,661,72.0,Profit,Profit,2
0xb1231a4a2dd02f2276fa3c5e2a2f3436e6bfed23,2025-02-05,14644.100674,218,54.0,Profit,Profit,2
0xb1231a4a2dd02f2276fa3c5e2a2f3436e6bfed23,2025-02-06,51100.947505,419,49.0,Profit,Profit,2
0xb1231a4a2dd02f2276fa3c5e2a2f3436e6bfed23,2025-02-07,1831.9529619999998,143,44.0,Profit,Profit,2
0xb1231a4a2dd02f2276fa3c5e2a2f3436e6bfed23,2025-02-09,115791.92916,67,46.0,Profit,Neutral,2
0xb1231a4a2dd02f2276fa3c5e2a2f3436e6bfed23,2025-02-10,0.0,17,43.0,Neutral,Neutral,2
0xb1231a4a2dd02f2276fa3c5e2a2f3436e6bfed23,2025-02-11,0.0,121,47.0,Neutral,Profit,2
0xb1231a4a2dd02f2276fa3c5e2a2f3436e6bfed23,2025-02-12,8664.933786,243,46.0,Profit,Neutral,2
0xb1231a4a2dd02f2276fa3c5e2a2f3436e6bfed23,2025-02-13,0.0,168,50.0,Neutral,Neutral,2
0xb1231a4a2dd02f2276fa3c5e2a2f3436e6bfed23,2025-02-14,0.0,165,48.0,Neutral,Profit,2
0xb1231a4a2dd02f2276fa3c5e2a2f3436e6bfed23,2025-02-18,73677.453556,264,47.0,Profit,Profit,2
0xb1231a4a2dd02f2276fa3c5e2a2f3436e6bfed23,2025-02-19,3350.218775,85,44.0,Profit,Neutral,2
0xb1231a4a2dd02f2276fa3c5e2a2f3436e6bfed23,2025-02-20,0.0,279,49.0,Neutral,Profit,2
0xb1231a4a2dd02f2276fa3c5e2a2f3436e6bfed23,2025-02-21,3056.449155,58,55.0,Profit,Profit,2
0xb1231a4a2dd02f2276fa3c5e2a2f3436e6bfed23,2025-02-22,5628.488702,127,49.0,Profit,Profit,2
0xb1231a4a2dd02f2276fa3c5e2a2f3436e6bfed23,2025-02-23,8934.09502,88,50.0,Profit,Profit,2
0xb1231a4a2dd02f2276fa3c5e2a2f3436e6bfed23,2025-02-24,10841.97075,208,49.0,Profit,Neutral,2
0xb1231a4a2dd02f2276fa3c5e2a2f3436e6bfed23,2025-02-25,0.0,71,25.0,Neutral,Neutral,2
0xb1231a4a2dd02f2276fa3c5e2a2f3436e6bfed23,2025-02-26,0.0,26,21.0,Neutral,Neutral,2
0xb1231a4a2dd02f2276fa3c5e2a2f3436e6bfed23,2025-02-27,0.0,10,10.0,Neutral,Neutral,2
0xb1231a4a2dd02f2276fa3c5e2a2f3436e6bfed23,2025-03-04,0.0,77,15.0,Neutral,Profit,2
0xb1231a4a2dd02f2276fa3c5e2a2f3436e6bfed23,2025-03-05,4647.056049,89,20.0,Profit,Profit,2
0xb1231a4a2dd02f2276fa3c5e2a2f3436e6bfed23,2025-03-06,698.036952,66,25.0,Profit,Neutral,2
0xb1231a4a2dd02f2276fa3c5e2a2f3436e6bfed23,2025-03-07,0.0,49,34.0,Neutral,Profit,2
0xb1231a4a2dd02f2276fa3c5e2a2f3436e6bfed23,2025-03-08,2923.553302,138,28.0,Profit,Profit,2
0xb1231a4a2dd02f2276fa3c5e2a2f3436e6bfed23,2025-03-09,2752.480766,296,27.0,Profit,Neutral,2
0xb1231a4a2dd02f2276fa3c5e2a2f3436e6bfed23,2025-03-10,0.0,61,20.0,Neutral,Profit,2
0xb1231a4a2dd02f2276fa3c5e2a2f3436e6bfed23,2025-03-11,2349.7162,273,24.0,Profit,Profit,2
0xb1231a4a2dd02f2276fa3c5e2a2f3436e6bfed23,2025-03-12,1215.156099,334,34.0,Profit,Neutral,2
0xb1231a4a2dd02f2276fa3c5e2a2f3436e6bfed23,2025-03-13,0.0,42,45.0,Neutral,Profit,2
0xb1231a4a2dd02f2276fa3c5e2a2f3436e6bfed23,2025-03-14,22911.093812,323,27.0,Profit,Profit,2
0xb1231a4a2dd02f2276fa3c5e2a2f3436e6bfed23,2025-03-17,646.346496,113,32.0,Profit,Profit,2
0xb1231a4a2dd02f2276fa3c5e2a2f3436e6bfed23,2025-03-20,824.5402799999999,30,49.0,Profit,Neutral,2
0xb1231a4a2dd02f2276fa3c5e2a2f3436e6bfed23,2025-03-24,0.0,57,45.0,Neutral,Profit,2
0xb1231a4a2dd02f2276fa3c5e2a2f3436e6bfed23,2025-03-26,2597.947325,38,47.0,Profit,Neutral,2
0xb1231a4a2dd02f2276fa3c5e2a2f3436e6bfed23,2025-04-03,0.0,9,25.0,Neutral,Profit,2
0xb1231a4a2dd02f2276fa3c5e2a2f3436e6bfed23,2025-04-04,2242.086667,99,28.0,Profit,Profit,2
0xb1231a4a2dd02f2276fa3c5e2a2f3436e6bfed23,2025-04-07,3601.4274,80,23.0,Profit,Neutral,2
0xb1231a4a2dd02f2276fa3c5e2a2f3436e6bfed23,2025-04-11,0.0,20,25.0,Neutral,Neutral,2
0xb1231a4a2dd02f2276fa3c5e2a2f3436e6bfed23,2025-04-12,0.0,17,43.0,Neutral,Neutral,2
0xb1231a4a2dd02f2276fa3c5e2a2f3436e6bfed23,2025-04-13,0.0,30,45.0,Neutral,Neutral,2
0xb1231a4a2dd02f2276fa3c5e2a2f3436e6bfed23,2025-04-15,0.0,50,38.0,Neutral,Neutral,2
0xb1231a4a2dd02f2276fa3c5e2a2f3436e6bfed23,2025-04-17,0.0,105,30.0,Neutral,Neutral,2
0xb1231a4a2dd02f2276fa3c5e2a2f3436e6bfed23,2025-04-18,0.0,50,33.0,Neutral,Neutral,2
0xb1231a4a2dd02f2276fa3c5e2a2f3436e6bfed23,2025-04-19,0.0,98,32.0,Neutral,Neutral,2
0xb1231a4a2dd02f2276fa3c5e2a2f3436e6bfed23,2025-04-20,0.0,73,37.0,Neutral,Neutral,2
0xb1231a4a2dd02f2276fa3c5e2a2f3436e6bfed23,2025-04-22,0.0,73,47.0,Neutral,Neutral,2
0xb1231a4a2dd02f2276fa3c5e2a2f3436e6bfed23,2025-04-23,0.0,6,72.0,Neutral,Profit,2
0xb899e522b5715391ae1d4f137653e7906c5e2115,2025-02-28,-72.202951,7,16.0,Loss,Profit,0
0xb899e522b5715391ae1d4f137653e7906c5e2115,2025-03-02,34795.678173,155,26.0,Profit,Profit,0
0xb899e522b5715391ae1d4f137653e7906c5e2115,2025-03-03,535.4072209999999,31,33.0,Profit,Profit,0
0xb899e522b5715391ae1d4f137653e7906c5e2115,2025-03-04,4578.655427,124,15.0,Profit,Profit,0
0xb899e522b5715391ae1d4f137653e7906c5e2115,2025-03-05,2036.224492,100,20.0,Profit,Profit,0
0xb899e522b5715391ae1d4f137653e7906c5e2115,2025-03-06,5348.989502,375,25.0,Profit,Profit,0
0xb899e522b5715391ae1d4f137653e7906c5e2115,2025-03-07,5348.62711,659,34.0,Profit,Profit,0
0xb899e522b5715391ae1d4f137653e7906c5e2115,2025-03-09,10760.578324,630,27.0,Profit,Profit,0
0xb899e522b5715391ae1d4f137653e7906c5e2115,2025-03-10,9163.142483,358,20.0,Profit,Loss,0
0xb899e522b5715391ae1d4f137653e7906c5e2115,2025-03-11,-57956.282957999996,466,24.0,Loss,Profit,0
0xb899e522b5715391ae1d4f137653e7906c5e2115,2025-03-12,4544.583988,251,34.0,Profit,Profit,0
0xb899e522b5715391ae1d4f137653e7906c5e2115,2025-03-13,3896.9493979999997,41,45.0,Profit,Profit,0
0xb899e522b5715391ae1d4f137653e7906c5e2115,2025-03-14,1188.74187,82,27.0,Profit,Profit,0
0xb899e522b5715391ae1d4f137653e7906c5e2115,2025-03-15,594.5722,65,46.0,Profit,Loss,0
0xb899e522b5715391ae1d4f137653e7906c5e2115,2025-03-16,-16453.702941,246,30.0,Loss,Profit,0
0xb899e522b5715391ae1d4f137653e7906c5e2115,2025-03-17,812.52566,51,32.0,Profit,Profit,0
0xb899e522b5715391ae1d4f137653e7906c5e2115,2025-03-18,1157.213435,32,34.0,Profit,Profit,0
0xb899e522b5715391ae1d4f137653e7906c5e2115,2025-03-20,38.9845,2,49.0,Profit,Profit,0
0xb899e522b5715391ae1d4f137653e7906c5e2115,2025-03-21,829.63013,28,31.0,Profit,Profit,0
0xb899e522b5715391ae1d4f137653e7906c5e2115,2025-03-23,907.21938,20,30.0,Profit,Loss,0
0xb899e522b5715391ae1d4f137653e7906c5e2115,2025-03-25,-836.051084,95,46.0,Loss,Loss,0
0xb899e522b5715391ae1d4f137653e7906c5e2115,2025-03-26,-774.039828,91,47.0,Loss,Profit,0
0xb899e522b5715391ae1d4f137653e7906c5e2115,2025-03-30,685.277142,48,32.0,Profit,Profit,0
0xb899e522b5715391ae1d4f137653e7906c5e2115,2025-04-03,361.071464,24,25.0,Profit,Neutral,0
0xb899e522b5715391ae1d4f137653e7906c5e2115,2025-04-04,0.0,6,28.0,Neutral,Profit,0
0xb899e522b5715391ae1d4f137653e7906c5e2115,2025-04-05,611.49348,5,30.0,Profit,Profit,0
0xb899e522b5715391ae1d4f137653e7906c5e2115,2025-04-06,254.093244,25,34.0,Profit,Profit,0
0xb899e522b5715391ae1d4f137653e7906c5e2115,2025-04-07,1291.1500099999998,113,23.0,Profit,Profit,0
0xb899e522b5715391ae1d4f137653e7906c5e2115,2025-04-08,936.6942779999999,187,24.0,Profit,Profit,0
0xb899e522b5715391ae1d4f137653e7906c5e2115,2025-04-09,6800.812401,222,18.0,Profit,Loss,0
0xb899e522b5715391ae1d4f137653e7906c5e2115,2025-04-10,-117.61638999999997,116,39.0,Loss,Loss,0
0xb899e522b5715391ae1d4f137653e7906c5e2115,2025-04-11,-482.407981,128,25.0,Loss,Profit,0
0xb899e522b5715391ae1d4f137653e7906c5e2115,2025-04-12,50.56792,7,43.0,Profit,Profit,0
0xb899e522b5715391ae1d4f137653e7906c5e2115,2025-04-13,1097.533742,20,45.0,Profit,Profit,0
0xbaaaf6571ab7d571043ff1e313a9609a10637864,2024-12-28,-0.06076,4,72.0,Neutral,Profit,2
0xbaaaf6571ab7d571043ff1e313a9609a10637864,2025-02-19,31.42038,121,44.0,Profit,Profit,2
0xbaaaf6571ab7d571043ff1e313a9609a10637864,2025-02-20,35262.804627,185,49.0,Profit,Profit,2
0xbaaaf6571ab7d571043ff1e313a9609a10637864,2025-02-24,22037.667762,4083,49.0,Profit,Profit,2
0xbaaaf6571ab7d571043ff1e313a9609a10637864,2025-02-25,5672.328492,3292,25.0,Profit,Profit,2
0xbaaaf6571ab7d571043ff1e313a9609a10637864,2025-02-26,23589.520054,470,21.0,Profit,Neutral,2
0xbaaaf6571ab7d571043ff1e313a9609a10637864,2025-03-04,0.0,563,15.0,Neutral,Profit,2
0xbaaaf6571ab7d571043ff1e313a9609a10637864,2025-03-05,229058.684298,983,20.0,Profit,Neutral,2
0xbaaaf6571ab7d571043ff1e313a9609a10637864,2025-03-06,0.0,71,25.0,Neutral,Profit,2
0xbaaaf6571ab7d571043ff1e313a9609a10637864,2025-03-07,87405.926823,829,34.0,Profit,Profit,2
0xbaaaf6571ab7d571043ff1e313a9609a10637864,2025-03-09,10.184488,47,27.0,Profit,Profit,2
0xbaaaf6571ab7d571043ff1e313a9609a10637864,2025-03-10,5832.316116,667,20.0,Profit,Profit,2
0xbaaaf6571ab7d571043ff1e313a9609a10637864,2025-03-11,1058.58,1651,24.0,Profit,Profit,2
0xbaaaf6571ab7d571043ff1e313a9609a10637864,2025-03-12,289639.089112,2617,34.0,Profit,Profit,2
0xbaaaf6571ab7d571043ff1e313a9609a10637864,2025-03-13,66.447417,1,45.0,Profit,Profit,2
0xbaaaf6571ab7d571043ff1e313a9609a10637864,2025-03-14,16591.266757,1662,27.0,Profit,Profit,2
0xbaaaf6571ab7d571043ff1e313a9609a10637864,2025-03-27,18422.612928,147,40.0,Profit,Neutral,2
0xbaaaf6571ab7d571043ff1e313a9609a10637864,2025-03-28,0.0,167,44.0,Neutral,Profit,2
0xbaaaf6571ab7d571043ff1e313a9609a10637864,2025-03-29,720.749699,600,26.0,Profit,Neutral,2
0xbaaaf6571ab7d571043ff1e313a9609a10637864,2025-03-30,0.0,354,32.0,Neutral,Neutral,2
0xbaaaf6571ab7d571043ff1e313a9609a10637864,2025-03-31,0.0,33,34.0,Neutral,Profit,2
0xbaaaf6571ab7d571043ff1e313a9609a10637864,2025-04-02,188114.980392,743,44.0,Profit,Profit,2
0xbaaaf6571ab7d571043ff1e313a9609a10637864,2025-04-03,3869.208803,937,25.0,Profit,Profit,2
0xbaaaf6571ab7d571043ff1e313a9609a10637864,2025-04-04,9367.872074,318,28.0,Profit,Profit,2
0xbaaaf6571ab7d571043ff1e313a9609a10637864,2025-04-06,1026.735896,499,34.0,Profit,Profit,2
0xbaaaf6571ab7d571043ff1e313a9609a10637864,2025-04-07,2378.877324,146,23.0,Profit,Neutral,2
0xbaaaf6571ab7d571043ff1e313a9609a10637864,2025-04-30,4.733218,1,56.0,Neutral,Neutral,2
0xbd5fead7180a9c139fa51a103cb6a2ce86ddb5c3,2024-12-10,0.0,52,78.0,Neutral,Neutral,1
0xbd5fead7180a9c139fa51a103cb6a2ce86ddb5c3,2024-12-11,0.0,17,74.0,Neutral,Neutral,1
0xbd5fead7180a9c139fa51a103cb6a2ce86ddb5c3,2024-12-12,0.0,1,83.0,Neutral,Neutral,1
0xbd5fead7180a9c139fa51a103cb6a2ce86ddb5c3,2024-12-15,0.0,58,80.0,Neutral,Neutral,1
0xbd5fead7180a9c139fa51a103cb6a2ce86ddb5c3,2024-12-16,0.0,4,83.0,Neutral,Neutral,1
0xbd5fead7180a9c139fa51a103cb6a2ce86ddb5c3,2024-12-17,0.0,2,87.0,Neutral,Neutral,1
0xbd5fead7180a9c139fa51a103cb6a2ce86ddb5c3,2024-12-18,0.0,14,81.0,Neutral,Loss,1
0xbd5fead7180a9c139fa51a103cb6a2ce86ddb5c3,2024-12-19,-128.0,37,75.0,Loss,Profit,1
0xbd5fead7180a9c139fa51a103cb6a2ce86ddb5c3,2024-12-20,11799.68,66,74.0,Profit,Neutral,1
0xbd5fead7180a9c139fa51a103cb6a2ce86ddb5c3,2024-12-23,0.0,16,70.0,Neutral,Neutral,1
0xbd5fead7180a9c139fa51a103cb6a2ce86ddb5c3,2024-12-24,0.0,10,73.0,Neutral,Neutral,1
0xbd5fead7180a9c139fa51a103cb6a2ce86ddb5c3,2024-12-29,0.0,39,73.0,Neutral,Neutral,1
0xbd5fead7180a9c139fa51a103cb6a2ce86ddb5c3,2025-01-03,0.0,61,74.0,Neutral,Profit,1
0xbd5fead7180a9c139fa51a103cb6a2ce86ddb5c3,2025-01-08,1023.27508,22,70.0,Profit,Neutral,1
0xbd5fead7180a9c139fa51a103cb6a2ce86ddb5c3,2025-01-14,0.0,8,63.0,Neutral,Neutral,1
0xbd5fead7180a9c139fa51a103cb6a2ce86ddb5c3,2025-01-15,0.0,3,70.0,Neutral,Neutral,1
0xbd5fead7180a9c139fa51a103cb6a2ce86ddb5c3,2025-01-16,0.0,3,75.0,Neutral,Neutral,1
0xbd5fead7180a9c139fa51a103cb6a2ce86ddb5c3,2025-01-17,0.0,3,75.0,Neutral,Loss,1
0xbd5fead7180a9c139fa51a103cb6a2ce86ddb5c3,2025-01-18,-10750.654828,12,77.0,Loss,Loss,1
0xbd5fead7180a9c139fa51a103cb6a2ce86ddb5c3,2025-01-19,-7963.5855,30,77.0,Loss,Profit,1
0xbd5fead7180a9c139fa51a103cb6a2ce86ddb5c3,2025-01-20,24895.400898,33,76.0,Profit,Profit,1
0xbd5fead7180a9c139fa51a103cb6a2ce86ddb5c3,2025-01-27,20428.824,23,71.0,Profit,Neutral,1
0xbd5fead7180a9c139fa51a103cb6a2ce86ddb5c3,2025-01-31,0.0,61,76.0,Neutral,Profit,1
0xbd5fead7180a9c139fa51a103cb6a2ce86ddb5c3,2025-02-03,160022.95082600001,69,44.0,Profit,Neutral,1
0xbd5fead7180a9c139fa51a103cb6a2ce86ddb5c3,2025-02-04,0.0,18,72.0,Neutral,Loss,1
0xbd5fead7180a9c139fa51a103cb6a2ce86ddb5c3,2025-02-06,-24500.0,13,49.0,Loss,Neutral,1
0xbd5fead7180a9c139fa51a103cb6a2ce86ddb5c3,2025-02-09,0.0,3,46.0,Neutral,Neutral,1
0xbd5fead7180a9c139fa51a103cb6a2ce86ddb5c3,2025-02-10,0.0,22,43.0,Neutral,Neutral,1
0xbd5fead7180a9c139fa51a103cb6a2ce86ddb5c3,2025-02-15,0.0,4,50.0,Neutral,Neutral,1
0xbd5fead7180a9c139fa51a103cb6a2ce86ddb5c3,2025-02-21,0.0,33,55.0,Neutral,Profit,1
0xbd5fead7180a9c139fa51a103cb6a2ce86ddb5c3,2025-02-22,15074.26913,138,49.0,Profit,Neutral,1
0xbd5fead7180a9c139fa51a103cb6a2ce86ddb5c3,2025-02-23,0.0,73,50.0,Neutral,Neutral,1
0xbd5fead7180a9c139fa51a103cb6a2ce86ddb5c3,2025-02-24,0.0,28,49.0,Neutral,Profit,1
0xbd5fead7180a9c139fa51a103cb6a2ce86ddb5c3,2025-02-25,3859.44,28,25.0,Profit,Loss,1
0xbd5fead7180a9c139fa51a103cb6a2ce86ddb5c3,2025-02-26,-871.1949999999999,42,21.0,Loss,Loss,1
0xbd5fead7180a9c139fa51a103cb6a2ce86ddb5c3,2025-02-27,-48309.11776,90,10.0,Loss,Profit,1
0xbd5fead7180a9c139fa51a103cb6a2ce86ddb5c3,2025-02-28,67673.757678,59,16.0,Profit,Loss,1
0xbd5fead7180a9c139fa51a103cb6a2ce86ddb5c3,2025-03-02,-2632.65866,84,26.0,Loss,Profit,1
0xbd5fead7180a9c139fa51a103cb6a2ce86ddb5c3,2025-03-03,57561.35367,136,33.0,Profit,Neutral,1
0xbd5fead7180a9c139fa51a103cb6a2ce86ddb5c3,2025-03-04,0.0,2,15.0,Neutral,Profit,1
0xbd5fead7180a9c139fa51a103cb6a2ce86ddb5c3,2025-03-05,3677.4,8,20.0,Profit,Neutral,1
0xbd5fead7180a9c139fa51a103cb6a2ce86ddb5c3,2025-03-06,0.0,16,25.0,Neutral,Profit,1
0xbd5fead7180a9c139fa51a103cb6a2ce86ddb5c3,2025-03-07,43861.966536,147,34.0,Profit,Profit,1
0xbd5fead7180a9c139fa51a103cb6a2ce86ddb5c3,2025-03-08,5836.8743,36,28.0,Profit,Neutral,1
0xbd5fead7180a9c139fa51a103cb6a2ce86ddb5c3,2025-03-11,0.0,7,24.0,Neutral,Loss,1
0xbd5fead7180a9c139fa51a103cb6a2ce86ddb5c3,2025-03-12,-15387.62119,57,34.0,Loss,Loss,1
0xbd5fead7180a9c139fa51a103cb6a2ce86ddb5c3,2025-03-18,-120.432,27,34.0,Loss,Neutral,1
0xbd5fead7180a9c139fa51a103cb6a2ce86ddb5c3,2025-03-19,0.0,26,32.0,Neutral,Neutral,1
0xbd5fead7180a9c139fa51a103cb6a2ce86ddb5c3,2025-03-26,0.0,3,47.0,Neutral,Neutral,1
0xbd5fead7180a9c139fa51a103cb6a2ce86ddb5c3,2025-03-27,0.0,21,40.0,Neutral,Loss,1
0xbd5fead7180a9c139fa51a103cb6a2ce86ddb5c3,2025-03-31,-8320.5,3,34.0,Loss,Loss,1
0xbd5fead7180a9c139fa51a103cb6a2ce86ddb5c3,2025-04-01,-9311.892185,28,34.0,Loss,Profit,1
0xbd5fead7180a9c139fa51a103cb6a2ce86ddb5c3,2025-04-02,2676.6850000000004,66,44.0,Profit,Loss,1
0xbd5fead7180a9c139fa51a103cb6a2ce86ddb5c3,2025-04-03,-5862.0887760000005,12,25.0,Loss,Loss,1
0xbd5fead7180a9c139fa51a103cb6a2ce86ddb5c3,2025-04-04,-43753.361578,132,28.0,Loss,Profit,1
0xbd5fead7180a9c139fa51a103cb6a2ce86ddb5c3,2025-04-07,51942.142881,108,23.0,Profit,Loss,1
0xbd5fead7180a9c139fa51a103cb6a2ce86ddb5c3,2025-04-09,-36400.46439,71,18.0,Loss,Profit,1
0xbd5fead7180a9c139fa51a103cb6a2ce86ddb5c3,2025-04-10,19858.73334,130,39.0,Profit,Neutral,1
0xbd5fead7180a9c139fa51a103cb6a2ce86ddb5c3,2025-04-12,0.0,24,43.0,Neutral,Profit,1
0xbd5fead7180a9c139fa51a103cb6a2ce86ddb5c3,2025-04-13,32724.19729,35,45.0,Profit,Neutral,1
0xbd5fead7180a9c139fa51a103cb6a2ce86ddb5c3,2025-04-14,0.0,51,31.0,Neutral,Profit,1
0xbd5fead7180a9c139fa51a103cb6a2ce86ddb5c3,2025-04-15,18951.678454,27,38.0,Profit,Profit,1
0xbd5fead7180a9c139fa51a103cb6a2ce86ddb5c3,2025-04-16,9556.6,15,29.0,Profit,Neutral,1
0xbd5fead7180a9c139fa51a103cb6a2ce86ddb5c3,2025-04-17,0.0,11,30.0,Neutral,Neutral,1
0xbd5fead7180a9c139fa51a103cb6a2ce86ddb5c3,2025-04-19,0.0,13,32.0,Neutral,Loss,1
0xbd5fead7180a9c139fa51a103cb6a2ce86ddb5c3,2025-04-23,-2993.575225,34,72.0,Loss,Loss,1
0xbee1707d6b44d4d52bfe19e41f8a828645437aab,2024-12-08,15206.395076,92,79.0,Profit,Profit,2
0xbee1707d6b44d4d52bfe19e41f8a828645437aab,2024-12-09,2397.068675,143,78.0,Profit,Profit,2
0xbee1707d6b44d4d52bfe19e41f8a828645437aab,2024-12-10,26600.990442,928,78.0,Profit,Profit,2
0xbee1707d6b44d4d52bfe19e41f8a828645437aab,2024-12-11,24663.690943,530,74.0,Profit,Profit,2
0xbee1707d6b44d4d52bfe19e41f8a828645437aab,2024-12-12,130826.491662,1041,83.0,Profit,Profit,2
0xbee1707d6b44d4d52bfe19e41f8a828645437aab,2024-12-13,9405.233313,277,76.0,Profit,Profit,2
0xbee1707d6b44d4d52bfe19e41f8a828645437aab,2024-12-14,1294.450646,70,83.0,Profit,Profit,2
0xbee1707d6b44d4d52bfe19e41f8a828645437aab,2024-12-15,1703.2571850000002,9,80.0,Profit,Profit,2
0xbee1707d6b44d4d52bfe19e41f8a828645437aab,2024-12-16,126852.290809,245,83.0,Profit,Profit,2
0xbee1707d6b44d4d52bfe19e41f8a828645437aab,2024-12-17,128648.384642,476,87.0,Profit,Profit,2
0xbee1707d6b44d4d52bfe19e41f8a828645437aab,2024-12-18,2139.192941,342,81.0,Profit,Profit,2
0xbee1707d6b44d4d52bfe19e41f8a828645437aab,2024-12-19,27888.195088,2076,75.0,Profit,Profit,2
0xbee1707d6b44d4d52bfe19e41f8a828645437aab,2024-12-20,139628.47633,1259,74.0,Profit,Profit,2
0xbee1707d6b44d4d52bfe19e41f8a828645437aab,2024-12-21,103460.844587,805,73.0,Profit,Profit,2
0xbee1707d6b44d4d52bfe19e41f8a828645437aab,2024-12-22,19694.301887,108,73.0,Profit,Loss,2
0xbee1707d6b44d4d52bfe19e41f8a828645437aab,2024-12-23,-76194.26162399999,1482,70.0,Loss,Loss,2
0xbee1707d6b44d4d52bfe19e41f8a828645437aab,2024-12-24,-5527.285214,81,73.0,Loss,Loss,2
0xbee1707d6b44d4d52bfe19e41f8a828645437aab,2024-12-25,-1059.724367,35,73.0,Loss,Profit,2
0xbee1707d6b44d4d52bfe19e41f8a828645437aab,2024-12-26,3103.720794,337,79.0,Profit,Neutral,2
0xbee1707d6b44d4d52bfe19e41f8a828645437aab,2024-12-27,0.0,1,74.0,Neutral,Neutral,2
0xbee1707d6b44d4d52bfe19e41f8a828645437aab,2025-01-10,0.0,2,50.0,Neutral,Profit,2
0xbee1707d6b44d4d52bfe19e41f8a828645437aab,2025-01-11,65.42769200000001,9,69.0,Profit,Neutral,2
0xbee1707d6b44d4d52bfe19e41f8a828645437aab,2025-01-13,0.0,11,61.0,Neutral,Profit,2
0xbee1707d6b44d4d52bfe19e41f8a828645437aab,2025-01-14,5103.198502,67,63.0,Profit,Profit,2
0xbee1707d6b44d4d52bfe19e41f8a828645437aab,2025-01-15,66.63180299999999,8,70.0,Profit,Neutral,2
0xbee1707d6b44d4d52bfe19e41f8a828645437aab,2025-01-16,0.0,2,75.0,Neutral,Profit,2
0xbee1707d6b44d4d52bfe19e41f8a828645437aab,2025-01-17,77.26888,7,75.0,Profit,Neutral,2
0xbee1707d6b44d4d52bfe19e41f8a828645437aab,2025-01-18,0.0,13,77.0,Neutral,Profit,2
0xbee1707d6b44d4d52bfe19e41f8a828645437aab,2025-01-19,512.9694489999999,29,77.0,Profit,Loss,2
0xbee1707d6b44d4d52bfe19e41f8a828645437aab,2025-01-20,-4968.452873,191,76.0,Loss,Profit,2
0xbee1707d6b44d4d52bfe19e41f8a828645437aab,2025-01-21,1343.189535,50,76.0,Profit,Profit,2
0xbee1707d6b44d4d52bfe19e41f8a828645437aab,2025-01-22,554.298224,13,84.0,Profit,Loss,2
0xbee1707d6b44d4d52bfe19e41f8a828645437aab,2025-01-23,-133.631755,16,75.0,Loss,Profit,2
0xbee1707d6b44d4d52bfe19e41f8a828645437aab,2025-01-24,2109.118305,84,75.0,Profit,Profit,2
0xbee1707d6b44d4d52bfe19e41f8a828645437aab,2025-01-25,107.54725099999999,33,75.0,Profit,Profit,2
0xbee1707d6b44d4d52bfe19e41f8a828645437aab,2025-01-26,1012.208613,27,73.0,Profit,Loss,2
0xbee1707d6b44d4d52bfe19e41f8a828645437aab,2025-01-27,-220.548198,56,71.0,Loss,Profit,2
0xbee1707d6b44d4d52bfe19e41f8a828645437aab,2025-01-28,6959.984986,121,72.0,Profit,Profit,2
0xbee1707d6b44d4d52bfe19e41f8a828645437aab,2025-01-29,1193.2639530000001,76,72.0,Profit,Profit,2
0xbee1707d6b44d4d52bfe19e41f8a828645437aab,2025-01-30,1072.220367,268,70.0,Profit,Profit,2
0xbee1707d6b44d4d52bfe19e41f8a828645437aab,2025-01-31,3143.489896,249,76.0,Profit,Profit,2
0xbee1707d6b44d4d52bfe19e41f8a828645437aab,2025-02-01,2954.521713,187,68.0,Profit,Loss,2
0xbee1707d6b44d4d52bfe19e41f8a828645437aab,2025-02-02,-329.680689,131,60.0,Loss,Profit,2
0xbee1707d6b44d4d52bfe19e41f8a828645437aab,2025-02-03,5803.573999,325,44.0,Profit,Profit,2
0xbee1707d6b44d4d52bfe19e41f8a828645437aab,2025-02-04,806.765131,248,72.0,Profit,Profit,2
0xbee1707d6b44d4d52bfe19e41f8a828645437aab,2025-02-05,713.82809,14,54.0,Profit,Profit,2
0xbee1707d6b44d4d52bfe19e41f8a828645437aab,2025-02-06,1212.452697,29,49.0,Profit,Profit,2
0xbee1707d6b44d4d52bfe19e41f8a828645437aab,2025-02-07,2631.225181,125,44.0,Profit,Loss,2
0xbee1707d6b44d4d52bfe19e41f8a828645437aab,2025-02-08,-189.463436,13,44.0,Loss,Profit,2
0xbee1707d6b44d4d52bfe19e41f8a828645437aab,2025-02-09,204.72190899999998,56,46.0,Profit,Profit,2
0xbee1707d6b44d4d52bfe19e41f8a828645437aab,2025-02-10,3796.008199,140,43.0,Profit,Profit,2
0xbee1707d6b44d4d52bfe19e41f8a828645437aab,2025-02-11,1901.6318190000002,52,47.0,Profit,Profit,2
0xbee1707d6b44d4d52bfe19e41f8a828645437aab,2025-02-12,1747.1899090000002,71,46.0,Profit,Profit,2
0xbee1707d6b44d4d52bfe19e41f8a828645437aab,2025-02-13,5096.967096,156,50.0,Profit,Loss,2
0xbee1707d6b44d4d52bfe19e41f8a828645437aab,2025-02-14,-1818.156466,166,48.0,Loss,Profit,2
0xbee1707d6b44d4d52bfe19e41f8a828645437aab,2025-02-15,3822.79759,130,50.0,Profit,Profit,2
0xbee1707d6b44d4d52bfe19e41f8a828645437aab,2025-02-16,321.733978,54,54.0,Profit,Profit,2
0xbee1707d6b44d4d52bfe19e41f8a828645437aab,2025-02-17,111.69658399999999,151,51.0,Profit,Profit,2
0xbee1707d6b44d4d52bfe19e41f8a828645437aab,2025-02-18,3935.153067,512,47.0,Profit,Profit,2
0xbee1707d6b44d4d52bfe19e41f8a828645437aab,2025-02-19,5930.986467,406,44.0,Profit,Profit,2
0xbee1707d6b44d4d52bfe19e41f8a828645437aab,2025-02-20,819.221222,162,49.0,Profit,Profit,2
0xbee1707d6b44d4d52bfe19e41f8a828645437aab,2025-02-21,4483.141317,255,55.0,Profit,Profit,2
0xbee1707d6b44d4d52bfe19e41f8a828645437aab,2025-02-22,1391.928432,60,49.0,Profit,Profit,2
0xbee1707d6b44d4d52bfe19e41f8a828645437aab,2025-02-23,383.135241,45,50.0,Profit,Loss,2
0xbee1707d6b44d4d52bfe19e41f8a828645437aab,2025-02-24,-10373.274402000001,744,49.0,Loss,Loss,2
0xbee1707d6b44d4d52bfe19e41f8a828645437aab,2025-02-25,-23384.358492,1642,25.0,Loss,Profit,2
0xbee1707d6b44d4d52bfe19e41f8a828645437aab,2025-02-26,2617.069579,394,21.0,Profit,Profit,2
0xbee1707d6b44d4d52bfe19e41f8a828645437aab,2025-02-27,2886.786952,703,10.0,Profit,Profit,2
0xbee1707d6b44d4d52bfe19e41f8a828645437aab,2025-02-28,2642.770468,302,16.0,Profit,Profit,2
0xbee1707d6b44d4d52bfe19e41f8a828645437aab,2025-03-01,446.358633,51,20.0,Profit,Profit,2
0xbee1707d6b44d4d52bfe19e41f8a828645437aab,2025-03-02,2576.6453030000002,102,26.0,Profit,Profit,2
0xbee1707d6b44d4d52bfe19e41f8a828645437aab,2025-03-03,2448.046511,73,33.0,Profit,Loss,2
0xbee1707d6b44d4d52bfe19e41f8a828645437aab,2025-03-04,-4934.6700519999995,979,15.0,Loss,Profit,2
0xbee1707d6b44d4d52bfe19e41f8a828645437aab,2025-03-05,12814.770318,202,20.0,Profit,Profit,2
0xbee1707d6b44d4d52bfe19e41f8a828645437aab,2025-03-06,601.486585,88,25.0,Profit,Profit,2
0xbee1707d6b44d4d52bfe19e41f8a828645437aab,2025-03-07,9142.064849,623,34.0,Profit,Profit,2
0xbee1707d6b44d4d52bfe19e41f8a828645437aab,2025-03-08,2219.262399,134,28.0,Profit,Profit,2
0xbee1707d6b44d4d52bfe19e41f8a828645437aab,2025-03-09,805.6551000000001,178,27.0,Profit,Profit,2
0xbee1707d6b44d4d52bfe19e41f8a828645437aab,2025-03-10,9791.668235,1428,20.0,Profit,Loss,2
0xbee1707d6b44d4d52bfe19e41f8a828645437aab,2025-03-11,-136.41741799999994,333,24.0,Loss,Profit,2
0xbee1707d6b44d4d52bfe19e41f8a828645437aab,2025-03-12,8096.937709,553,34.0,Profit,Profit,2
0xbee1707d6b44d4d52bfe19e41f8a828645437aab,2025-03-13,5090.880874,690,45.0,Profit,Loss,2
0xbee1707d6b44d4d52bfe19e41f8a828645437aab,2025-03-14,-49.67229100000003,92,27.0,Loss,Profit,2
0xbee1707d6b44d4d52bfe19e41f8a828645437aab,2025-03-15,1764.258791,75,46.0,Profit,Neutral,2
0xbee1707d6b44d4d52bfe19e41f8a828645437aab,2025-03-16,5.068941999999993,97,30.0,Neutral,Profit,2
0xbee1707d6b44d4d52bfe19e41f8a828645437aab,2025-03-17,390.08642000000003,241,32.0,Profit,Profit,2
0xbee1707d6b44d4d52bfe19e41f8a828645437aab,2025-03-18,1930.871511,266,34.0,Profit,Profit,2
0xbee1707d6b44d4d52bfe19e41f8a828645437aab,2025-03-19,5253.432742,879,32.0,Profit,Loss,2
0xbee1707d6b44d4d52bfe19e41f8a828645437aab,2025-03-20,-682.2653320000001,283,49.0,Loss,Profit,2
0xbee1707d6b44d4d52bfe19e41f8a828645437aab,2025-03-21,4866.15672,550,31.0,Profit,Profit,2
0xbee1707d6b44d4d52bfe19e41f8a828645437aab,2025-03-22,1637.832293,344,32.0,Profit,Profit,2
0xbee1707d6b44d4d52bfe19e41f8a828645437aab,2025-03-23,882.848973,178,30.0,Profit,Profit,2
0xbee1707d6b44d4d52bfe19e41f8a828645437aab,2025-03-24,7122.965048,500,45.0,Profit,Profit,2
0xbee1707d6b44d4d52bfe19e41f8a828645437aab,2025-03-25,1256.867824,306,46.0,Profit,Loss,2
0xbee1707d6b44d4d52bfe19e41f8a828645437aab,2025-03-26,-6062.660109,2551,47.0,Loss,Profit,2
0xbee1707d6b44d4d52bfe19e41f8a828645437aab,2025-03-27,1743.483217,136,40.0,Profit,Profit,2
0xbee1707d6b44d4d52bfe19e41f8a828645437aab,2025-03-28,1841.802102,246,44.0,Profit,Loss,2
0xbee1707d6b44d4d52bfe19e41f8a828645437aab,2025-03-29,-3661.1103980000003,965,26.0,Loss,Profit,2
0xbee1707d6b44d4d52bfe19e41f8a828645437aab,2025-03-30,536.150767,53,32.0,Profit,Profit,2
0xbee1707d6b44d4d52bfe19e41f8a828645437aab,2025-03-31,41.27745400000002,81,34.0,Profit,Profit,2
0xbee1707d6b44d4d52bfe19e41f8a828645437aab,2025-04-01,147.445788,35,34.0,Profit,Profit,2
0xbee1707d6b44d4d52bfe19e41f8a828645437aab,2025-04-02,1842.839943,118,44.0,Profit,Loss,2
0xbee1707d6b44d4d52bfe19e41f8a828645437aab,2025-04-03,-3368.876326,261,25.0,Loss,Loss,2
0xbee1707d6b44d4d52bfe19e41f8a828645437aab,2025-04-04,-4513.160132,326,28.0,Loss,Profit,2
0xbee1707d6b44d4d52bfe19e41f8a828645437aab,2025-04-05,1113.761229,90,30.0,Profit,Profit,2
0xbee1707d6b44d4d52bfe19e41f8a828645437aab,2025-04-06,1828.77716,114,34.0,Profit,Loss,2
0xbee1707d6b44d4d52bfe19e41f8a828645437aab,2025-04-07,-9593.258137,386,23.0,Loss,Profit,2
0xbee1707d6b44d4d52bfe19e41f8a828645437aab,2025-04-08,11735.32104,167,24.0,Profit,Profit,2
0xbee1707d6b44d4d52bfe19e41f8a828645437aab,2025-04-09,2503.69251,134,18.0,Profit,Profit,2
0xbee1707d6b44d4d52bfe19e41f8a828645437aab,2025-04-10,35.58096,52,39.0,Profit,Profit,2
0xbee1707d6b44d4d52bfe19e41f8a828645437aab,2025-04-11,857.60294,123,25.0,Profit,Profit,2
0xbee1707d6b44d4d52bfe19e41f8a828645437aab,2025-04-12,4358.599132,307,43.0,Profit,Profit,2
0xbee1707d6b44d4d52bfe19e41f8a828645437aab,2025-04-13,2319.824156,346,45.0,Profit,Profit,2
0xbee1707d6b44d4d52bfe19e41f8a828645437aab,2025-04-14,6100.692122,380,31.0,Profit,Profit,2
0xbee1707d6b44d4d52bfe19e41f8a828645437aab,2025-04-15,920.056063,40,38.0,Profit,Profit,2
0xbee1707d6b44d4d52bfe19e41f8a828645437aab,2025-04-16,1958.056487,286,29.0,Profit,Profit,2
0xbee1707d6b44d4d52bfe19e41f8a828645437aab,2025-04-17,3359.966896,588,30.0,Profit,Profit,2
0xbee1707d6b44d4d52bfe19e41f8a828645437aab,2025-04-18,2945.701617,562,33.0,Profit,Profit,2
0xbee1707d6b44d4d52bfe19e41f8a828645437aab,2025-04-19,976.5105639999999,971,32.0,Profit,Profit,2
0xbee1707d6b44d4d52bfe19e41f8a828645437aab,2025-04-20,807.262731,63,37.0,Profit,Profit,2
0xbee1707d6b44d4d52bfe19e41f8a828645437aab,2025-04-21,711.68096,55,39.0,Profit,Profit,2
0xbee1707d6b44d4d52bfe19e41f8a828645437aab,2025-04-22,1463.173211,427,47.0,Profit,Profit,2
0xbee1707d6b44d4d52bfe19e41f8a828645437aab,2025-04-23,1700.638677,329,72.0,Profit,Loss,2
0xbee1707d6b44d4d52bfe19e41f8a828645437aab,2025-04-24,-45.94597,2,63.0,Loss,Profit,2
0xbee1707d6b44d4d52bfe19e41f8a828645437aab,2025-04-25,1101.511718,154,60.0,Profit,Profit,2
0xbee1707d6b44d4d52bfe19e41f8a828645437aab,2025-04-26,18.390524,29,65.0,Profit,Profit,2
0xbee1707d6b44d4d52bfe19e41f8a828645437aab,2025-04-27,1709.194807,82,61.0,Profit,Profit,2
0xbee1707d6b44d4d52bfe19e41f8a828645437aab,2025-04-28,4008.588908,430,54.0,Profit,Profit,2
0xbee1707d6b44d4d52bfe19e41f8a828645437aab,2025-04-29,8561.771838,902,60.0,Profit,Profit,2
0xbee1707d6b44d4d52bfe19e41f8a828645437aab,2025-04-30,2520.773814,75,56.0,Profit,Profit,2
